{"Mean":{"confidence_interval":{"confidence_level":0.95,"lower_bound":13514141.46431534,"upper_bound":13713093.872454235},"point_estimate":13616286.99465224,"standard_error":50782.10089939158},"Median":{"confidence_interval":{"confidence_level":0.95,"lower_bound":13490317.045454545,"upper_bound":13822042.92857143},"point_estimate":13679770.251351353,"standard_error":72630.00442447519},"MedianAbsDev":{"confidence_interval":{"confidence_level":0.95,"lower_bound":363173.14796621545,"upper_bound":563186.2379079286},"point_estimate":504162.2138056479,"standard_error":51228.14080700334},"Slope":{"confidence_interval":{"confidence_level":0.95,"lower_bound":13608901.294223918,"upper_bound":13794726.70585226},"point_estimate":13702006.677475987,"standard_error":47312.32554273341},"StdDev":{"confidence_interval":{"confidence_level":0.95,"lower_bound":408031.1806143007,"upper_bound":618549.1307561721},"point_estimate":512214.1886296437,"standard_error":54219.33598169535}}