{"Mean":{"confidence_interval":{"confidence_level":0.95,"lower_bound":4393126.957725854,"upper_bound":4487634.149401954},"point_estimate":4440771.814509737,"standard_error":24127.26243518024},"Median":{"confidence_interval":{"confidence_level":0.95,"lower_bound":4418130.241516548,"upper_bound":4507033.728621731},"point_estimate":4476281.233974359,"standard_error":20373.364738346154},"MedianAbsDev":{"confidence_interval":{"confidence_level":0.95,"lower_bound":161531.53542143203,"upper_bound":268851.6737692968},"point_estimate":206184.6541232085,"standard_error":27051.64510350645},"Slope":{"confidence_interval":{"confidence_level":0.95,"lower_bound":4480768.253689885,"upper_bound":4546543.3495557895},"point_estimate":4513825.296967637,"standard_error":16797.40444852755},"StdDev":{"confidence_interval":{"confidence_level":0.95,"lower_bound":205316.81222219102,"upper_bound":276179.80751546414},"point_estimate":242473.43459685126,"standard_error":18132.337920712514}}