{"Mean":{"confidence_interval":{"confidence_level":0.95,"lower_bound":-0.004631564635900431,"upper_bound":0.015147756218828542},"point_estimate":0.0052826749458396716,"standard_error":0.005041387943643404},"Median":{"confidence_interval":{"confidence_level":0.95,"lower_bound":0.000707909428568021,"upper_bound":0.021637425983532133},"point_estimate":0.01127356828497672,"standard_error":0.005383027936270716}}