{"Mean":{"confidence_interval":{"confidence_level":0.95,"lower_bound":4344450.3385076225,"upper_bound":4400870.424316499},"point_estimate":4371431.3549284,"standard_error":14381.739271529339},"Median":{"confidence_interval":{"confidence_level":0.95,"lower_bound":4344494.135416667,"upper_bound":4396445.235294118},"point_estimate":4361843.396464646,"standard_error":14110.264672340714},"MedianAbsDev":{"confidence_interval":{"confidence_level":0.95,"lower_bound":74206.32742533463,"upper_bound":116804.58150963161},"point_estimate":99612.51447345027,"standard_error":10543.461951688498},"Slope":{"confidence_interval":{"confidence_level":0.95,"lower_bound":4347913.340078869,"upper_bound":4380221.925431214},"point_estimate":4364331.114949017,"standard_error":8231.178915559009},"StdDev":{"confidence_interval":{"confidence_level":0.95,"lower_bound":99272.0003450454,"upper_bound":188792.58081967934},"point_estimate":145006.65272737545,"standard_error":23156.341789578502}}