{"Mean":{"confidence_interval":{"confidence_level":0.95,"lower_bound":0.054101243525698145,"upper_bound":0.060724343599840504},"point_estimate":0.05755149394657155,"standard_error":0.0016895854724636387},"Median":{"confidence_interval":{"confidence_level":0.95,"lower_bound":0.056372448282016485,"upper_bound":0.060432352696089486},"point_estimate":0.05796738481481367,"standard_error":0.0010899350656366998}}