{"Mean":{"confidence_interval":{"confidence_level":0.95,"lower_bound":-0.04360518058599824,"upper_bound":-0.006264967686266788},"point_estimate":-0.025061966070502706,"standard_error":0.009499779687836695},"Median":{"confidence_interval":{"confidence_level":0.95,"lower_bound":-0.03612774749690939,"upper_bound":-0.0026711052896307708},"point_estimate":-0.017300255891575578,"standard_error":0.008723155786316513}}