{"Mean":{"confidence_interval":{"confidence_level":0.95,"lower_bound":306089.6124642015,"upper_bound":308768.7860184003},"point_estimate":307454.46994899405,"standard_error":681.5016564504962},"Median":{"confidence_interval":{"confidence_level":0.95,"lower_bound":306221.43047175265,"upper_bound":309066.3327633728},"point_estimate":308095.72429577465,"standard_error":881.2500034986996},"MedianAbsDev":{"confidence_interval":{"confidence_level":0.95,"lower_bound":3973.542859276661,"upper_bound":6553.21972132982},"point_estimate":5065.6795054814875,"standard_error":652.7023581848339},"Slope":{"confidence_interval":{"confidence_level":0.95,"lower_bound":307324.04378654924,"upper_bound":309239.34897979425},"point_estimate":308290.7680124132,"standard_error":488.3844379916358},"StdDev":{"confidence_interval":{"confidence_level":0.95,"lower_bound":5179.80751516191,"upper_bound":8457.63489001454},"point_estimate":6828.404942378277,"standard_error":846.2410643727612}}