{"Mean":{"confidence_interval":{"confidence_level":0.95,"lower_bound":8664.734965809026,"upper_bound":8711.210976258919},"point_estimate":8684.45055287186,"standard_error":12.077425176832636},"Median":{"confidence_interval":{"confidence_level":0.95,"lower_bound":8650.855987149156,"upper_bound":8652.372525831172},"point_estimate":8651.087719298246,"standard_error":0.9856794711447028},"MedianAbsDev":{"confidence_interval":{"confidence_level":0.95,"lower_bound":2.1708017052136803,"upper_bound":8.385326149480846},"point_estimate":3.5377349722820153,"standard_error":1.979303435126},"Slope":{"confidence_interval":{"confidence_level":0.95,"lower_bound":8662.627187699623,"upper_bound":8682.927585566658},"point_estimate":8670.973241193718,"standard_error":5.309878581621282},"StdDev":{"confidence_interval":{"confidence_level":0.95,"lower_bound":27.53092930406322,"upper_bound":184.66203095230455},"point_estimate":121.46192227489357,"standard_error":41.87105932572217}}