{"Mean":{"confidence_interval":{"confidence_level":0.95,"lower_bound":0.4160162791106758,"upper_bound":0.48300886634263535},"point_estimate":0.44725262930397647,"standard_error":0.017071038479209363},"Median":{"confidence_interval":{"confidence_level":0.95,"lower_bound":0.37904900481753145,"upper_bound":0.4632792268531467},"point_estimate":0.42711679160647176,"standard_error":0.023110717079719057}}