{"Mean":{"confidence_interval":{"confidence_level":0.95,"lower_bound":-0.0305068208958717,"upper_bound":-0.00501362509258396},"point_estimate":-0.017509524710071167,"standard_error":0.006532670869967096},"Median":{"confidence_interval":{"confidence_level":0.95,"lower_bound":-0.031731852544029326,"upper_bound":-0.007359121889479181},"point_estimate":-0.02144600477350589,"standard_error":0.006285894016912979}}