{"Mean":{"confidence_interval":{"confidence_level":0.95,"lower_bound":-0.0446851840972723,"upper_bound":-0.014378964163278486},"point_estimate":-0.02891094384495585,"standard_error":0.007758664779132359},"Median":{"confidence_interval":{"confidence_level":0.95,"lower_bound":-0.028513142730051566,"upper_bound":-0.005749900183033133},"point_estimate":-0.018597033772545624,"standard_error":0.005827568965947951}}