{"Mean":{"confidence_interval":{"confidence_level":0.95,"lower_bound":709626.268674516,"upper_bound":725669.0012392311},"point_estimate":717905.7945250603,"standard_error":4070.733304757038},"Median":{"confidence_interval":{"confidence_level":0.95,"lower_bound":714562.4913793104,"upper_bound":726177.2670454546},"point_estimate":719672.9327651515,"standard_error":2668.739018693912},"MedianAbsDev":{"confidence_interval":{"confidence_level":0.95,"lower_bound":23930.27784681969,"upper_bound":42378.568329254296},"point_estimate":31449.97626040131,"standard_error":4683.221756303218},"Slope":{"confidence_interval":{"confidence_level":0.95,"lower_bound":713559.317316691,"upper_bound":725923.351757051},"point_estimate":719679.4293867297,"standard_error":3150.511037678657},"StdDev":{"confidence_interval":{"confidence_level":0.95,"lower_bound":30241.150302919465,"upper_bound":52290.298431861476},"point_estimate":41000.24652460199,"standard_error":5767.721225894795}}