{"Mean":{"confidence_interval":{"confidence_level":0.95,"lower_bound":433.7443729410908,"upper_bound":434.8933628607969},"point_estimate":434.2708265971159,"standard_error":0.2933549777540443},"Median":{"confidence_interval":{"confidence_level":0.95,"lower_bound":432.9650378953505,"upper_bound":433.916135781218},"point_estimate":433.62261880693904,"standard_error":0.22229777344311152},"MedianAbsDev":{"confidence_interval":{"confidence_level":0.95,"lower_bound":0.9424598879664874,"upper_bound":1.6341131220003628},"point_estimate":1.3342940860294163,"standard_error":0.17748726561860365},"Slope":{"confidence_interval":{"confidence_level":0.95,"lower_bound":433.6471719463206,"upper_bound":434.445778587089},"point_estimate":434.0133577925074,"standard_error":0.20316644354515348},"StdDev":{"confidence_interval":{"confidence_level":0.95,"lower_bound":1.7402920494641894,"upper_bound":4.0978457427269435},"point_estimate":2.944586868280105,"standard_error":0.6193489506738044}}