{"Mean":{"confidence_interval":{"confidence_level":0.95,"lower_bound":0.747614088092976,"upper_bound":0.7932036877363925},"point_estimate":0.7710915454628795,"standard_error":0.011638788076928927},"Median":{"confidence_interval":{"confidence_level":0.95,"lower_bound":0.7601430800842741,"upper_bound":0.8037533397187739},"point_estimate":0.7841291852298269,"standard_error":0.012113986667095537}}