{"Mean":{"confidence_interval":{"confidence_level":0.95,"lower_bound":9284124.178537102,"upper_bound":9336076.739634562},"point_estimate":9310505.438996892,"standard_error":13223.751560252465},"Median":{"confidence_interval":{"confidence_level":0.95,"lower_bound":9279955.015151516,"upper_bound":9341488.105211645},"point_estimate":9326309.946770336,"standard_error":18525.468325413818},"MedianAbsDev":{"confidence_interval":{"confidence_level":0.95,"lower_bound":77480.74018855633,"upper_bound":149757.1427062794},"point_estimate":106071.68458605307,"standard_error":17775.234412670157},"Slope":{"confidence_interval":{"confidence_level":0.95,"lower_bound":9283502.014259463,"upper_bound":9323955.05301238},"point_estimate":9303857.77319935,"standard_error":10315.55278560635},"StdDev":{"confidence_interval":{"confidence_level":0.95,"lower_bound":108880.05348299802,"upper_bound":155608.70802299856},"point_estimate":132909.47746234303,"standard_error":12001.741918178825}}