{"Mean":{"confidence_interval":{"confidence_level":0.95,"lower_bound":1.3340445769454707,"upper_bound":1.3511769515930252},"point_estimate":1.3430046816072911,"standard_error":0.004372001861892789},"Median":{"confidence_interval":{"confidence_level":0.95,"lower_bound":1.3469128806996684,"upper_bound":1.3526705579902463},"point_estimate":1.3500030880041591,"standard_error":0.001493709881241798}}