{"Mean":{"confidence_interval":{"confidence_level":0.95,"lower_bound":48079.723211699435,"upper_bound":49333.05737598582},"point_estimate":48687.93356987112,"standard_error":319.06264395387467},"Median":{"confidence_interval":{"confidence_level":0.95,"lower_bound":48131.539445628994,"upper_bound":48960.19047619047},"point_estimate":48468.21179775281,"standard_error":194.52559126541448},"MedianAbsDev":{"confidence_interval":{"confidence_level":0.95,"lower_bound":1628.8009874533695,"upper_bound":3205.1134955561947},"point_estimate":2618.6832894822865,"standard_error":418.5996709889334},"Slope":{"confidence_interval":{"confidence_level":0.95,"lower_bound":47600.7139704097,"upper_bound":48472.169323655835},"point_estimate":48040.69757112598,"standard_error":221.52499676718514},"StdDev":{"confidence_interval":{"confidence_level":0.95,"lower_bound":2474.2959881484567,"upper_bound":3900.0943028510596},"point_estimate":3214.4294955313,"standard_error":365.5875514112793}}