{"Mean":{"confidence_interval":{"confidence_level":0.95,"lower_bound":-0.014700673225035646,"upper_bound":0.010956440370769243},"point_estimate":-0.0018713453026384386,"standard_error":0.006529736885635195},"Median":{"confidence_interval":{"confidence_level":0.95,"lower_bound":-0.01127813425269919,"upper_bound":0.00920678571029998},"point_estimate":-0.0019783729720637133,"standard_error":0.005413050012670766}}