{"Mean":{"confidence_interval":{"confidence_level":0.95,"lower_bound":44827.10578995539,"upper_bound":45791.19015218686},"point_estimate":45309.18555023325,"standard_error":244.68605245687297},"Median":{"confidence_interval":{"confidence_level":0.95,"lower_bound":44635.1129032258,"upper_bound":45809.949213286716},"point_estimate":45364.71108977095,"standard_error":317.41548605959116},"MedianAbsDev":{"confidence_interval":{"confidence_level":0.95,"lower_bound":1923.7082850172133,"upper_bound":2926.6511353886535},"point_estimate":2466.1374515298894,"standard_error":262.4934641243313},"Slope":{"confidence_interval":{"confidence_level":0.95,"lower_bound":44644.21358171593,"upper_bound":45449.51557866774},"point_estimate":45045.844511600415,"standard_error":204.93781949098286},"StdDev":{"confidence_interval":{"confidence_level":0.95,"lower_bound":2070.21900368981,"upper_bound":2855.2565871563665},"point_estimate":2470.4174735549395,"standard_error":201.0642022574617}}