{"Mean":{"confidence_interval":{"confidence_level":0.95,"lower_bound":76225.47886002628,"upper_bound":78619.01488594819},"point_estimate":77423.30656293903,"standard_error":608.518861253662},"Median":{"confidence_interval":{"confidence_level":0.95,"lower_bound":75886.34615384616,"upper_bound":78353.84615384616},"point_estimate":77104.96641025641,"standard_error":618.1666417276004},"MedianAbsDev":{"confidence_interval":{"confidence_level":0.95,"lower_bound":3509.221066526412,"upper_bound":5714.630797240669},"point_estimate":4632.656766111806,"standard_error":565.1179088677243},"Slope":{"confidence_interval":{"confidence_level":0.95,"lower_bound":76199.04855649693,"upper_bound":78176.44215206447},"point_estimate":77215.88809289425,"standard_error":504.22354943844994},"StdDev":{"confidence_interval":{"confidence_level":0.95,"lower_bound":4814.774791564294,"upper_bound":7331.874102551308},"point_estimate":6102.383087668586,"standard_error":643.9583176998569}}