{"Mean":{"confidence_interval":{"confidence_level":0.95,"lower_bound":-0.004769234293604776,"upper_bound":0.026266119133689862},"point_estimate":0.009880567632752912,"standard_error":0.007975961879188588},"Median":{"confidence_interval":{"confidence_level":0.95,"lower_bound":-0.007039459777712143,"upper_bound":0.02879061084290635},"point_estimate":0.009068129130519242,"standard_error":0.009381316524140591}}