{"Mean":{"confidence_interval":{"confidence_level":0.95,"lower_bound":-0.0565288820199735,"upper_bound":-0.05011610918943861},"point_estimate":-0.0534781930493502,"standard_error":0.0016042026267429482},"Median":{"confidence_interval":{"confidence_level":0.95,"lower_bound":-0.05590842386622019,"upper_bound":-0.05326327483250359},"point_estimate":-0.05476346102490881,"standard_error":0.0007209975701853834}}