{"Mean":{"confidence_interval":{"confidence_level":0.95,"lower_bound":25524.38840143451,"upper_bound":26438.368327431584},"point_estimate":25982.069161836123,"standard_error":233.21747228927424},"Median":{"confidence_interval":{"confidence_level":0.95,"lower_bound":25648.676315789475,"upper_bound":26576.184868421053},"point_estimate":25988.285312075055,"standard_error":267.06543365553915},"MedianAbsDev":{"confidence_interval":{"confidence_level":0.95,"lower_bound":1672.6996319886036,"upper_bound":2655.380021536072},"point_estimate":2175.7103139629435,"standard_error":246.52626451678205},"Slope":{"confidence_interval":{"confidence_level":0.95,"lower_bound":25271.977120322852,"upper_bound":26081.94990614788},"point_estimate":25678.364956250534,"standard_error":206.78505574018666},"StdDev":{"confidence_interval":{"confidence_level":0.95,"lower_bound":1979.4812406871245,"upper_bound":2680.8511436598083},"point_estimate":2347.8142578266834,"standard_error":179.3427684434176}}