{"Mean":{"confidence_interval":{"confidence_level":0.95,"lower_bound":-0.00724834181615864,"upper_bound":0.019728867928892262},"point_estimate":0.00590773359373431,"standard_error":0.00684205855445399},"Median":{"confidence_interval":{"confidence_level":0.95,"lower_bound":-0.006373212705968098,"upper_bound":0.015478299829422948},"point_estimate":0.004979584109929158,"standard_error":0.005453436448146296}}