{"Mean":{"confidence_interval":{"confidence_level":0.95,"lower_bound":-0.003890396211387278,"upper_bound":0.009871459581881892},"point_estimate":0.0028017526334376264,"standard_error":0.0035234520169903},"Median":{"confidence_interval":{"confidence_level":0.95,"lower_bound":-0.003952441020771635,"upper_bound":0.009780295292830475},"point_estimate":0.0027032527085437685,"standard_error":0.0036517410469064436}}