{"Mean":{"confidence_interval":{"confidence_level":0.95,"lower_bound":81089.3534737361,"upper_bound":82430.28594207381},"point_estimate":81738.34487368797,"standard_error":342.37335819180737},"Median":{"confidence_interval":{"confidence_level":0.95,"lower_bound":80769.95837912089,"upper_bound":81975.49948717949},"point_estimate":81527.59544219448,"standard_error":318.93996404645867},"MedianAbsDev":{"confidence_interval":{"confidence_level":0.95,"lower_bound":1864.3343439917414,"upper_bound":3095.273773564537},"point_estimate":2466.8807046247675,"standard_error":302.8864948813716},"Slope":{"confidence_interval":{"confidence_level":0.95,"lower_bound":80594.37289508483,"upper_bound":81719.0653415633},"point_estimate":81163.70587329916,"standard_error":286.4330931816509},"StdDev":{"confidence_interval":{"confidence_level":0.95,"lower_bound":2679.6364310502613,"upper_bound":4162.2648792856935},"point_estimate":3444.9475402160133,"standard_error":380.32757879742763}}