{"Mean":{"confidence_interval":{"confidence_level":0.95,"lower_bound":0.055851595418924725,"upper_bound":0.12338702315663326},"point_estimate":0.08893835299395514,"standard_error":0.017231044198471948},"Median":{"confidence_interval":{"confidence_level":0.95,"lower_bound":0.04110263672289327,"upper_bound":0.12037464513862361},"point_estimate":0.08060298705117042,"standard_error":0.02035439570174127}}