{"Mean":{"confidence_interval":{"confidence_level":0.95,"lower_bound":56024.24118569833,"upper_bound":57225.83703047636},"point_estimate":56692.42499002891,"standard_error":307.3752504063194},"Median":{"confidence_interval":{"confidence_level":0.95,"lower_bound":56837.962575966056,"upper_bound":57430.269230769234},"point_estimate":57093.610090264345,"standard_error":155.04194524657748},"MedianAbsDev":{"confidence_interval":{"confidence_level":0.95,"lower_bound":800.8960920143923,"upper_bound":1300.3367469638854},"point_estimate":1019.8897881433368,"standard_error":123.91592493359106},"Slope":{"confidence_interval":{"confidence_level":0.95,"lower_bound":57039.87648312953,"upper_bound":57432.58549238181},"point_estimate":57237.02135395629,"standard_error":99.67235566641932},"StdDev":{"confidence_interval":{"confidence_level":0.95,"lower_bound":1410.3138070786308,"upper_bound":4681.41958306478},"point_estimate":3092.4025512280054,"standard_error":898.1636868571592}}