{"Mean":{"confidence_interval":{"confidence_level":0.95,"lower_bound":534201.9002546405,"upper_bound":547723.0410579476},"point_estimate":540895.6758275521,"standard_error":3430.2342815321954},"Median":{"confidence_interval":{"confidence_level":0.95,"lower_bound":537454.5277777778,"upper_bound":545161.4454991199},"point_estimate":541045.995138889,"standard_error":2449.9784436688974},"MedianAbsDev":{"confidence_interval":{"confidence_level":0.95,"lower_bound":12707.877606618955,"upper_bound":23739.65629384847},"point_estimate":17137.471190766126,"standard_error":2894.582111839038},"Slope":{"confidence_interval":{"confidence_level":0.95,"lower_bound":536815.4701986006,"upper_bound":543040.0114179419},"point_estimate":539929.4729525639,"standard_error":1591.2647451677262},"StdDev":{"confidence_interval":{"confidence_level":0.95,"lower_bound":24274.412795137498,"upper_bound":43940.64946444501},"point_estimate":34548.13630038139,"standard_error":5047.136977031194}}