{"Mean":{"confidence_interval":{"confidence_level":0.95,"lower_bound":1.610193657728958,"upper_bound":1.669582165655166},"point_estimate":1.639753195736589,"standard_error":0.015132408174274567},"Median":{"confidence_interval":{"confidence_level":0.95,"lower_bound":1.588050469664605,"upper_bound":1.6728818034122126},"point_estimate":1.6309655463098203,"standard_error":0.023035649260003857}}