{"Mean":{"confidence_interval":{"confidence_level":0.95,"lower_bound":1566217.5517525384,"upper_bound":1602529.6028947192},"point_estimate":1584270.9452092033,"standard_error":9245.434300872674},"Median":{"confidence_interval":{"confidence_level":0.95,"lower_bound":1550434.28125,"upper_bound":1603758.3},"point_estimate":1582831.3434782608,"standard_error":11818.723367529987},"MedianAbsDev":{"confidence_interval":{"confidence_level":0.95,"lower_bound":61734.94835457393,"upper_bound":93870.630095576},"point_estimate":76112.74349902107,"standard_error":8217.723102638474},"Slope":{"confidence_interval":{"confidence_level":0.95,"lower_bound":1554243.3684990972,"upper_bound":1584612.1094026014},"point_estimate":1569341.5111393528,"standard_error":7766.823520267599},"StdDev":{"confidence_interval":{"confidence_level":0.95,"lower_bound":75022.82314947344,"upper_bound":110331.38895476008},"point_estimate":93028.19847546051,"standard_error":9017.539696772894}}