{"Mean":{"confidence_interval":{"confidence_level":0.95,"lower_bound":4063553.043495294,"upper_bound":4089548.115244022},"point_estimate":4076752.06486077,"standard_error":6637.111401333619},"Median":{"confidence_interval":{"confidence_level":0.95,"lower_bound":4067506.7529411763,"upper_bound":4093625.324828375},"point_estimate":4084444.753468245,"standard_error":7043.862268715778},"MedianAbsDev":{"confidence_interval":{"confidence_level":0.95,"lower_bound":40406.69663092533,"upper_bound":72173.36637056938},"point_estimate":52737.18735047678,"standard_error":7945.183646969159},"Slope":{"confidence_interval":{"confidence_level":0.95,"lower_bound":4071330.341982656,"upper_bound":4090126.6472643586},"point_estimate":4080917.7107108026,"standard_error":4791.780669690149},"StdDev":{"confidence_interval":{"confidence_level":0.95,"lower_bound":53362.30109072011,"upper_bound":80077.29858382043},"point_estimate":66847.00600018461,"standard_error":6848.362250318615}}