{"Mean":{"confidence_interval":{"confidence_level":0.95,"lower_bound":-0.03696303179915594,"upper_bound":-0.0025025802350448333},"point_estimate":-0.019736684002262472,"standard_error":0.008772063862053201},"Median":{"confidence_interval":{"confidence_level":0.95,"lower_bound":-0.005885549274295265,"upper_bound":0.023690152328028846},"point_estimate":0.01181899867130043,"standard_error":0.007240688473313689}}