{"Mean":{"confidence_interval":{"confidence_level":0.95,"lower_bound":1160748.8355753706,"upper_bound":1178986.3144552999},"point_estimate":1170320.5205905687,"standard_error":4622.142969659507},"Median":{"confidence_interval":{"confidence_level":0.95,"lower_bound":1166072.7571428572,"upper_bound":1180044.8918918918},"point_estimate":1172792.3925059792,"standard_error":3745.8027469603735},"MedianAbsDev":{"confidence_interval":{"confidence_level":0.95,"lower_bound":21490.48166857859,"upper_bound":35404.10861319147},"point_estimate":28847.12548864838,"standard_error":3657.630408921806},"Slope":{"confidence_interval":{"confidence_level":0.95,"lower_bound":1165993.5697317757,"upper_bound":1177514.2757579342},"point_estimate":1171793.1103886508,"standard_error":2938.8185611566373},"StdDev":{"confidence_interval":{"confidence_level":0.95,"lower_bound":29020.418163590195,"upper_bound":62814.511761395275},"point_estimate":46456.557090862,"standard_error":8780.377883306055}}