{"Mean":{"confidence_interval":{"confidence_level":0.95,"lower_bound":153377.81042754336,"upper_bound":155165.75025257657},"point_estimate":154247.64798366555,"standard_error":457.33181529227363},"Median":{"confidence_interval":{"confidence_level":0.95,"lower_bound":153335.7607973422,"upper_bound":154853.55863448945},"point_estimate":154238.32221198158,"standard_error":411.75639573258525},"MedianAbsDev":{"confidence_interval":{"confidence_level":0.95,"lower_bound":2623.615331603316,"upper_bound":4044.1418167123265},"point_estimate":3288.44809541307,"standard_error":370.9418164759418},"Slope":{"confidence_interval":{"confidence_level":0.95,"lower_bound":152746.43894804124,"upper_bound":153946.9873896075},"point_estimate":153364.50608668115,"standard_error":306.0949081743093},"StdDev":{"confidence_interval":{"confidence_level":0.95,"lower_bound":3483.671347845718,"upper_bound":5711.300310164745},"point_estimate":4597.517697020757,"standard_error":573.1143184342449}}