{"Mean":{"confidence_interval":{"confidence_level":0.95,"lower_bound":-0.003706858572736975,"upper_bound":0.0074958014792094515},"point_estimate":0.0016841085311642967,"standard_error":0.0028619485467390473},"Median":{"confidence_interval":{"confidence_level":0.95,"lower_bound":-0.0042222588353568735,"upper_bound":0.0074570639092021995},"point_estimate":0.0010290158637413782,"standard_error":0.002932033708655233}}