{"Mean":{"confidence_interval":{"confidence_level":0.95,"lower_bound":-0.004600838964318828,"upper_bound":0.007699516852231694},"point_estimate":0.0015009201237241587,"standard_error":0.0031619875387020905},"Median":{"confidence_interval":{"confidence_level":0.95,"lower_bound":-0.0035966579745164706,"upper_bound":0.008349849102637252},"point_estimate":0.0012463030820120125,"standard_error":0.0030332850279985507}}