{"Mean":{"confidence_interval":{"confidence_level":0.95,"lower_bound":0.0010543151160243103,"upper_bound":0.038286021615846925},"point_estimate":0.01976412513309822,"standard_error":0.00953836324006838},"Median":{"confidence_interval":{"confidence_level":0.95,"lower_bound":0.002207661242353609,"upper_bound":0.04466820914410463},"point_estimate":0.030701631599134638,"standard_error":0.010857621139524166}}