{"Mean":{"confidence_interval":{"confidence_level":0.95,"lower_bound":6158472.875226194,"upper_bound":6331588.8741568765},"point_estimate":6247537.252159779,"standard_error":44179.315218033844},"Median":{"confidence_interval":{"confidence_level":0.95,"lower_bound":6164609.636784269,"upper_bound":6326963.190746753},"point_estimate":6245533.865884194,"standard_error":39150.13309679118},"MedianAbsDev":{"confidence_interval":{"confidence_level":0.95,"lower_bound":247453.55145010498,"upper_bound":453082.33224448375},"point_estimate":353508.64559661,"standard_error":52965.39555476738},"Slope":{"confidence_interval":{"confidence_level":0.95,"lower_bound":6177213.942212557,"upper_bound":6333201.527725429},"point_estimate":6258276.4992699865,"standard_error":39764.52192329954},"StdDev":{"confidence_interval":{"confidence_level":0.95,"lower_bound":336581.94763984915,"upper_bound":559752.2397792931},"point_estimate":443605.0901573437,"standard_error":58875.00044845823}}