{"Mean":{"confidence_interval":{"confidence_level":0.95,"lower_bound":38315.39980170324,"upper_bound":38783.94445938456},"point_estimate":38557.85049564291,"standard_error":119.41100850958728},"Median":{"confidence_interval":{"confidence_level":0.95,"lower_bound":38478.59841628959,"upper_bound":38816.938684503904},"point_estimate":38585.16202451395,"standard_error":83.65913537946999},"MedianAbsDev":{"confidence_interval":{"confidence_level":0.95,"lower_bound":601.2436828488055,"upper_bound":1164.246301497845},"point_estimate":972.0138089045449,"standard_error":136.8335579739748},"Slope":{"confidence_interval":{"confidence_level":0.95,"lower_bound":38477.71837192069,"upper_bound":38820.59488994099},"point_estimate":38649.258165190804,"standard_error":87.55070725040261},"StdDev":{"confidence_interval":{"confidence_level":0.95,"lower_bound":888.499070199246,"upper_bound":1529.8642355555064},"point_estimate":1196.676721527888,"standard_error":168.4842021939679}}