{"Mean":{"confidence_interval":{"confidence_level":0.95,"lower_bound":58879.79687519174,"upper_bound":61276.53540086581},"point_estimate":60047.49530682865,"standard_error":607.3333760196233},"Median":{"confidence_interval":{"confidence_level":0.95,"lower_bound":59219.96256684492,"upper_bound":61202.3725186669},"point_estimate":60284.16010695187,"standard_error":522.8209195263751},"MedianAbsDev":{"confidence_interval":{"confidence_level":0.95,"lower_bound":2755.1694815672486,"upper_bound":4904.590162442006},"point_estimate":4180.432155397844,"standard_error":551.4196042950662},"Slope":{"confidence_interval":{"confidence_level":0.95,"lower_bound":59128.713529546236,"upper_bound":60486.45921441842},"point_estimate":59807.23866045428,"standard_error":346.15635755414496},"StdDev":{"confidence_interval":{"confidence_level":0.95,"lower_bound":4272.397495503562,"upper_bound":7925.362555655442},"point_estimate":6101.337082598922,"standard_error":946.4533936532014}}