{"Mean":{"confidence_interval":{"confidence_level":0.95,"lower_bound":117793.685054864,"upper_bound":120945.42335019301},"point_estimate":119203.00927984517,"standard_error":805.7631916412297},"Median":{"confidence_interval":{"confidence_level":0.95,"lower_bound":117932.21064814815,"upper_bound":119851.07539682538},"point_estimate":119008.53660130719,"standard_error":478.7636150992477},"MedianAbsDev":{"confidence_interval":{"confidence_level":0.95,"lower_bound":3559.2513715564155,"upper_bound":5944.961123422965},"point_estimate":4997.213358399411,"standard_error":603.5308850303612},"Slope":{"confidence_interval":{"confidence_level":0.95,"lower_bound":117341.16322639829,"upper_bound":119262.23122521596},"point_estimate":118323.45895900037,"standard_error":489.4716958622029},"StdDev":{"confidence_interval":{"confidence_level":0.95,"lower_bound":4530.258540146737,"upper_bound":11974.980316763174},"point_estimate":8103.3196369109155,"standard_error":2211.2785065189923}}