{"Mean":{"confidence_interval":{"confidence_level":0.95,"lower_bound":0.011177380874108023,"upper_bound":0.018481663148556697},"point_estimate":0.01495099066703065,"standard_error":0.001877651333194161},"Median":{"confidence_interval":{"confidence_level":0.95,"lower_bound":0.013321738050178285,"upper_bound":0.016434564114259143},"point_estimate":0.015446778724703014,"standard_error":0.0007489944565408363}}