{"Mean":{"confidence_interval":{"confidence_level":0.95,"lower_bound":56305.80007053483,"upper_bound":56934.55598546641},"point_estimate":56626.4602003204,"standard_error":160.1540382091107},"Median":{"confidence_interval":{"confidence_level":0.95,"lower_bound":56544.148313492056,"upper_bound":57144.36284722222},"point_estimate":56881.979343744664,"standard_error":155.5831760284585},"MedianAbsDev":{"confidence_interval":{"confidence_level":0.95,"lower_bound":1038.1756914192429,"upper_bound":1687.541438332828},"point_estimate":1409.2532242017803,"standard_error":162.98523651752998},"Slope":{"confidence_interval":{"confidence_level":0.95,"lower_bound":56631.26682844305,"upper_bound":57080.16481236406},"point_estimate":56856.44666896541,"standard_error":114.66089214721508},"StdDev":{"confidence_interval":{"confidence_level":0.95,"lower_bound":1307.0315430643134,"upper_bound":1905.0682279096861},"point_estimate":1620.32036976879,"standard_error":152.54023793772157}}