{"Mean":{"confidence_interval":{"confidence_level":0.95,"lower_bound":5434652.253844792,"upper_bound":5488449.18850705},"point_estimate":5463896.362534399,"standard_error":13737.297929146722},"Median":{"confidence_interval":{"confidence_level":0.95,"lower_bound":5460616.0,"upper_bound":5485479.505263158},"point_estimate":5470429.722802523,"standard_error":5242.130633349125},"MedianAbsDev":{"confidence_interval":{"confidence_level":0.95,"lower_bound":44293.70624418977,"upper_bound":79441.71536076097},"point_estimate":65754.18331373796,"standard_error":8542.529135612083},"Slope":{"confidence_interval":{"confidence_level":0.95,"lower_bound":5462758.2937832745,"upper_bound":5485525.746513708},"point_estimate":5474346.965045071,"standard_error":5790.326841942939},"StdDev":{"confidence_interval":{"confidence_level":0.95,"lower_bound":78068.83472333416,"upper_bound":201142.45744152102},"point_estimate":138126.94886513238,"standard_error":34580.78326951344}}