{"Mean":{"confidence_interval":{"confidence_level":0.95,"lower_bound":360077.5291501622,"upper_bound":366124.06886094715},"point_estimate":363154.37090009736,"standard_error":1539.4633424455494},"Median":{"confidence_interval":{"confidence_level":0.95,"lower_bound":362358.67,"upper_bound":365896.0888888889},"point_estimate":364520.250140056,"standard_error":832.3368994001056},"MedianAbsDev":{"confidence_interval":{"confidence_level":0.95,"lower_bound":6895.909518186146,"upper_bound":13238.137332519957},"point_estimate":9868.704220746908,"standard_error":1630.3412774098247},"Slope":{"confidence_interval":{"confidence_level":0.95,"lower_bound":360459.6599588285,"upper_bound":364711.7892480084},"point_estimate":362599.9469701,"standard_error":1086.5653539541715},"StdDev":{"confidence_interval":{"confidence_level":0.95,"lower_bound":11704.187556603822,"upper_bound":18925.516595041376},"point_estimate":15469.209672466479,"standard_error":1848.380328138466}}