{"Mean":{"confidence_interval":{"confidence_level":0.95,"lower_bound":2004014.7193846474,"upper_bound":2011950.4686708},"point_estimate":2007143.3818956858,"standard_error":2117.2386374314824},"Median":{"confidence_interval":{"confidence_level":0.95,"lower_bound":2003079.549833887,"upper_bound":2005587.6379080615},"point_estimate":2004428.2067223964,"standard_error":712.1425399181259},"MedianAbsDev":{"confidence_interval":{"confidence_level":0.95,"lower_bound":4236.620018230313,"upper_bound":7650.526819226707},"point_estimate":6269.078055326552,"standard_error":876.6207684534695},"Slope":{"confidence_interval":{"confidence_level":0.95,"lower_bound":2002759.6069877539,"upper_bound":2005386.7320833101},"point_estimate":2004035.459722181,"standard_error":669.7332770672353},"StdDev":{"confidence_interval":{"confidence_level":0.95,"lower_bound":5239.7592762583245,"upper_bound":35411.12912927412},"point_estimate":21472.07568241293,"standard_error":9529.209995938776}}