{"Mean":{"confidence_interval":{"confidence_level":0.95,"lower_bound":414.156324291836,"upper_bound":416.6959297554014},"point_estimate":415.22714755084036,"standard_error":0.6579409606949674},"Median":{"confidence_interval":{"confidence_level":0.95,"lower_bound":413.51988120195665,"upper_bound":414.06989331469833},"point_estimate":413.7057639960974,"standard_error":0.15753842724171455},"MedianAbsDev":{"confidence_interval":{"confidence_level":0.95,"lower_bound":0.9922855843490097,"upper_bound":1.7151327081595482},"point_estimate":1.2577444044163393,"standard_error":0.18959602124892716},"Slope":{"confidence_interval":{"confidence_level":0.95,"lower_bound":413.9393146964924,"upper_bound":414.70599027232777},"point_estimate":414.2945747481535,"standard_error":0.19581490811785304},"StdDev":{"confidence_interval":{"confidence_level":0.95,"lower_bound":1.6904177146525785,"upper_bound":10.31963755371317},"point_estimate":6.636810222494266,"standard_error":2.3270467052494803}}