{"Mean":{"confidence_interval":{"confidence_level":0.95,"lower_bound":1.91430520395656,"upper_bound":1.9348073436464306},"point_estimate":1.9249232070492384,"standard_error":0.005156735621242844},"Median":{"confidence_interval":{"confidence_level":0.95,"lower_bound":1.9243707172234994,"upper_bound":1.9321023804836135},"point_estimate":1.9280496615280605,"standard_error":0.002043009747927311}}