{"Mean":{"confidence_interval":{"confidence_level":0.95,"lower_bound":5350836.719292355,"upper_bound":5397820.154936978},"point_estimate":5374654.000329171,"standard_error":11997.302779770844},"Median":{"confidence_interval":{"confidence_level":0.95,"lower_bound":5358477.0,"upper_bound":5409802.389830508},"point_estimate":5381690.846304676,"standard_error":13337.003440512837},"MedianAbsDev":{"confidence_interval":{"confidence_level":0.95,"lower_bound":77181.384036305,"upper_bound":119969.93617515765},"point_estimate":104804.78758303131,"standard_error":10809.323215195313},"Slope":{"confidence_interval":{"confidence_level":0.95,"lower_bound":5345850.596754443,"upper_bound":5382844.799905208},"point_estimate":5364528.418693661,"standard_error":9390.636092438192},"StdDev":{"confidence_interval":{"confidence_level":0.95,"lower_bound":94108.03291250368,"upper_bound":147789.07724501673},"point_estimate":120495.59974312694,"standard_error":13853.694114877271}}