{"Mean":{"confidence_interval":{"confidence_level":0.95,"lower_bound":0.8597890956472033,"upper_bound":0.8731878804896386},"point_estimate":0.8667561029119049,"standard_error":0.0034502740105625557},"Median":{"confidence_interval":{"confidence_level":0.95,"lower_bound":0.865572110976516,"upper_bound":0.8709251475097322},"point_estimate":0.8684092922646656,"standard_error":0.0012861486983491944}}