{"Mean":{"confidence_interval":{"confidence_level":0.95,"lower_bound":70916680.36602308,"upper_bound":72209925.64832893},"point_estimate":71510859.08074184,"standard_error":329482.8966966978},"Median":{"confidence_interval":{"confidence_level":0.95,"lower_bound":70543746.86956522,"upper_bound":71614011.98231742},"point_estimate":71328929.77083334,"standard_error":292592.42408097314},"MedianAbsDev":{"confidence_interval":{"confidence_level":0.95,"lower_bound":1366596.952789358,"upper_bound":2224385.800771682},"point_estimate":1810360.1280971928,"standard_error":219392.46045382178},"Slope":{"confidence_interval":{"confidence_level":0.95,"lower_bound":70906386.95253702,"upper_bound":71541514.85040899},"point_estimate":71215866.43075217,"standard_error":162338.82465886572},"StdDev":{"confidence_interval":{"confidence_level":0.95,"lower_bound":1983178.5177413824,"upper_bound":4685391.552824574},"point_estimate":3309942.0267243185,"standard_error":732484.1558990936}}