{"Mean":{"confidence_interval":{"confidence_level":0.95,"lower_bound":1.4523435016478239,"upper_bound":1.5514196830454325},"point_estimate":1.4990237670740147,"standard_error":0.025311922756398545},"Median":{"confidence_interval":{"confidence_level":0.95,"lower_bound":1.3945170620462624,"upper_bound":1.5018659144755477},"point_estimate":1.4655515011485059,"standard_error":0.030407280541678267}}