{"Mean":{"confidence_interval":{"confidence_level":0.95,"lower_bound":0.06978876932708479,"upper_bound":0.07778447665835204},"point_estimate":0.07393599759843283,"standard_error":0.0020332111297754365},"Median":{"confidence_interval":{"confidence_level":0.95,"lower_bound":0.07498077416897286,"upper_bound":0.07731541474327908},"point_estimate":0.07600026829953821,"standard_error":0.0006354496246255798}}