{"Mean":{"confidence_interval":{"confidence_level":0.95,"lower_bound":9566794.948844904,"upper_bound":9644706.773756528},"point_estimate":9602249.411426622,"standard_error":19856.23472588417},"Median":{"confidence_interval":{"confidence_level":0.95,"lower_bound":9567522.0,"upper_bound":9609489.823529411},"point_estimate":9585515.909001958,"standard_error":11884.918599021163},"MedianAbsDev":{"confidence_interval":{"confidence_level":0.95,"lower_bound":56065.27764608564,"upper_bound":95232.89119552932},"point_estimate":72093.0262282703,"standard_error":10073.060844948497},"Slope":{"confidence_interval":{"confidence_level":0.95,"lower_bound":9576707.000359802,"upper_bound":9607025.00403294},"point_estimate":9591699.686818384,"standard_error":7745.119371949715},"StdDev":{"confidence_interval":{"confidence_level":0.95,"lower_bound":85706.53942789405,"upper_bound":301910.14854112826},"point_estimate":199371.83322957729,"standard_error":57138.44822522383}}