{"Mean":{"confidence_interval":{"confidence_level":0.95,"lower_bound":112824.60298126137,"upper_bound":126661.16447677284},"point_estimate":119438.97701794044,"standard_error":3515.2475835523637},"Median":{"confidence_interval":{"confidence_level":0.95,"lower_bound":107788.52046783626,"upper_bound":124418.3664284923},"point_estimate":117681.46019681281,"standard_error":3895.600237177431},"MedianAbsDev":{"confidence_interval":{"confidence_level":0.95,"lower_bound":21139.04829394493,"upper_bound":31726.48176832848},"point_estimate":24907.548087930838,"standard_error":2622.438787443169},"Slope":{"confidence_interval":{"confidence_level":0.95,"lower_bound":113868.44254081498,"upper_bound":124569.45627331274},"point_estimate":119311.70604929149,"standard_error":2740.390052365851},"StdDev":{"confidence_interval":{"confidence_level":0.95,"lower_bound":25356.2419597507,"upper_bound":44446.592386452816},"point_estimate":35320.33048182109,"standard_error":4884.862351262773}}