{"Mean":{"confidence_interval":{"confidence_level":0.95,"lower_bound":182401.65490447375,"upper_bound":205458.89257766143},"point_estimate":193653.41681406673,"standard_error":5879.264739061199},"Median":{"confidence_interval":{"confidence_level":0.95,"lower_bound":178986.50582437275,"upper_bound":203619.62301587302},"point_estimate":189238.52412773285,"standard_error":6941.19620135965},"MedianAbsDev":{"confidence_interval":{"confidence_level":0.95,"lower_bound":38592.32097266026,"upper_bound":63617.269122031525},"point_estimate":55894.34857304911,"standard_error":6201.584073420082},"Slope":{"confidence_interval":{"confidence_level":0.95,"lower_bound":178969.68808132404,"upper_bound":197687.672340831},"point_estimate":188260.56990000492,"standard_error":4766.13901266113},"StdDev":{"confidence_interval":{"confidence_level":0.95,"lower_bound":46866.284870134965,"upper_bound":72349.45309654172},"point_estimate":59320.36660330277,"standard_error":6612.520858102708}}