{"Mean":{"confidence_interval":{"confidence_level":0.95,"lower_bound":44866.40597865548,"upper_bound":46182.90707101423},"point_estimate":45502.42153905116,"standard_error":335.1998853914235},"Median":{"confidence_interval":{"confidence_level":0.95,"lower_bound":45049.637990390795,"upper_bound":45765.235849056604},"point_estimate":45418.25557040998,"standard_error":197.53013837486253},"MedianAbsDev":{"confidence_interval":{"confidence_level":0.95,"lower_bound":1421.3834905783958,"upper_bound":2944.4914796390776},"point_estimate":2098.8272079952385,"standard_error":390.8228103239857},"Slope":{"confidence_interval":{"confidence_level":0.95,"lower_bound":45051.72863603488,"upper_bound":46001.359750217445},"point_estimate":45530.36663970874,"standard_error":241.36428885958296},"StdDev":{"confidence_interval":{"confidence_level":0.95,"lower_bound":2488.9808582937426,"upper_bound":4265.0114335962635},"point_estimate":3380.7642048641637,"standard_error":457.0876673008312}}