{"Mean":{"confidence_interval":{"confidence_level":0.95,"lower_bound":0.15722249862534768,"upper_bound":0.20357911356426042},"point_estimate":0.18014964404747658,"standard_error":0.01182778518626432},"Median":{"confidence_interval":{"confidence_level":0.95,"lower_bound":0.15263484575751107,"upper_bound":0.1961913106773885},"point_estimate":0.17651316596628353,"standard_error":0.010216563227408517}}