{"Mean":{"confidence_interval":{"confidence_level":0.95,"lower_bound":994093.7906564804,"upper_bound":1019274.5402061675},"point_estimate":1007010.7341201402,"standard_error":6423.884727412217},"Median":{"confidence_interval":{"confidence_level":0.95,"lower_bound":998716.2038793103,"upper_bound":1020413.5344827586},"point_estimate":1008432.4965446924,"standard_error":6560.11337418536},"MedianAbsDev":{"confidence_interval":{"confidence_level":0.95,"lower_bound":37732.60650703541,"upper_bound":64358.755978803776},"point_estimate":48369.061086707785,"standard_error":6916.210400837155},"Slope":{"confidence_interval":{"confidence_level":0.95,"lower_bound":1002629.3958126467,"upper_bound":1020308.0514007413},"point_estimate":1011623.8605674597,"standard_error":4497.818526900193},"StdDev":{"confidence_interval":{"confidence_level":0.95,"lower_bound":46843.18468333832,"upper_bound":84240.94084882269},"point_estimate":64644.16588840862,"standard_error":9878.432990595702}}