{"Mean":{"confidence_interval":{"confidence_level":0.95,"lower_bound":37523.16505971632,"upper_bound":38068.33332124645},"point_estimate":37804.14568381222,"standard_error":139.0559682373429},"Median":{"confidence_interval":{"confidence_level":0.95,"lower_bound":37678.70872567483,"upper_bound":38103.64592592593},"point_estimate":37887.4605800081,"standard_error":111.59230193500966},"MedianAbsDev":{"confidence_interval":{"confidence_level":0.95,"lower_bound":694.6068134678067,"upper_bound":1078.4404169531572},"point_estimate":874.1849093715695,"standard_error":97.9923589421048},"Slope":{"confidence_interval":{"confidence_level":0.95,"lower_bound":37667.253129976525,"upper_bound":38079.755577452284},"point_estimate":37879.26663546952,"standard_error":105.21367393953275},"StdDev":{"confidence_interval":{"confidence_level":0.95,"lower_bound":1020.5508761237335,"upper_bound":1783.683233423337},"point_estimate":1406.4588646868958,"standard_error":196.64349189197978}}