{"Mean":{"confidence_interval":{"confidence_level":0.95,"lower_bound":0.7502282204800828,"upper_bound":0.8085599648330478},"point_estimate":0.7795041194291275,"standard_error":0.014830052134422048},"Median":{"confidence_interval":{"confidence_level":0.95,"lower_bound":0.7580175320103968,"upper_bound":0.8197226392016279},"point_estimate":0.8004535527546606,"standard_error":0.015222075124139211}}