{"Mean":{"confidence_interval":{"confidence_level":0.95,"lower_bound":84172.8601412332,"upper_bound":85945.07669124067},"point_estimate":85097.27737344461,"standard_error":450.6444486289037},"Median":{"confidence_interval":{"confidence_level":0.95,"lower_bound":84348.9371639785,"upper_bound":86406.11018270944},"point_estimate":85488.56948924731,"standard_error":495.9144846389774},"MedianAbsDev":{"confidence_interval":{"confidence_level":0.95,"lower_bound":2946.2522612373677,"upper_bound":4666.91793528984},"point_estimate":3930.4197974559474,"standard_error":429.75486129929106},"Slope":{"confidence_interval":{"confidence_level":0.95,"lower_bound":84836.06476846643,"upper_bound":86109.88120995597},"point_estimate":85489.15246613468,"standard_error":325.1699601290487},"StdDev":{"confidence_interval":{"confidence_level":0.95,"lower_bound":3358.725969865456,"upper_bound":5870.0835746233115},"point_estimate":4534.760648598807,"standard_error":670.3660971008425}}