{"Mean":{"confidence_interval":{"confidence_level":0.95,"lower_bound":546588.3737686943,"upper_bound":557122.882772931},"point_estimate":551692.8871810442,"standard_error":2683.004959606044},"Median":{"confidence_interval":{"confidence_level":0.95,"lower_bound":544489.1691849816,"upper_bound":555620.8050847457},"point_estimate":550159.8197674418,"standard_error":2712.762580619439},"MedianAbsDev":{"confidence_interval":{"confidence_level":0.95,"lower_bound":15905.64004248431,"upper_bound":25845.611702178026},"point_estimate":20634.58673500716,"standard_error":2551.519777051503},"Slope":{"confidence_interval":{"confidence_level":0.95,"lower_bound":542524.1262663582,"upper_bound":549449.0326922274},"point_estimate":546021.0101817645,"standard_error":1766.3986680719695},"StdDev":{"confidence_interval":{"confidence_level":0.95,"lower_bound":20242.783710820324,"upper_bound":33062.448111822705},"point_estimate":26949.788303113677,"standard_error":3291.0096329736148}}