{"Mean":{"confidence_interval":{"confidence_level":0.95,"lower_bound":298438.42208878766,"upper_bound":301669.33030547644},"point_estimate":300042.3698304751,"standard_error":824.2551584509515},"Median":{"confidence_interval":{"confidence_level":0.95,"lower_bound":298833.3965277778,"upper_bound":302022.15},"point_estimate":300666.7906904358,"standard_error":954.7441505639325},"MedianAbsDev":{"confidence_interval":{"confidence_level":0.95,"lower_bound":5776.701508190365,"upper_bound":8835.353946509971},"point_estimate":7847.196184481219,"standard_error":773.42691336222},"Slope":{"confidence_interval":{"confidence_level":0.95,"lower_bound":298406.78943867056,"upper_bound":301089.893397833},"point_estimate":299762.7696157825,"standard_error":683.3892323461789},"StdDev":{"confidence_interval":{"confidence_level":0.95,"lower_bound":6609.376012460629,"upper_bound":9990.423527852743},"point_estimate":8299.233266526377,"standard_error":867.7813438760398}}