{"Mean":{"confidence_interval":{"confidence_level":0.95,"lower_bound":0.4766828721461648,"upper_bound":0.5029446521316152},"point_estimate":0.4896210149636968,"standard_error":0.006694906970420777},"Median":{"confidence_interval":{"confidence_level":0.95,"lower_bound":0.4840527445286651,"upper_bound":0.5076219683167635},"point_estimate":0.4963125857908308,"standard_error":0.006017024709178316}}