{"Mean":{"confidence_interval":{"confidence_level":0.95,"lower_bound":76997.54547407757,"upper_bound":77927.41002167856},"point_estimate":77459.7507425773,"standard_error":236.1546842333019},"Median":{"confidence_interval":{"confidence_level":0.95,"lower_bound":77076.54743589743,"upper_bound":77770.42827442827},"point_estimate":77318.38782051281,"standard_error":170.66636325831809},"MedianAbsDev":{"confidence_interval":{"confidence_level":0.95,"lower_bound":1202.970692642687,"upper_bound":2014.719775873621},"point_estimate":1547.13943772509,"standard_error":203.51710553130968},"Slope":{"confidence_interval":{"confidence_level":0.95,"lower_bound":77127.80688708588,"upper_bound":77648.85243037264},"point_estimate":77386.6702779325,"standard_error":132.99226959803897},"StdDev":{"confidence_interval":{"confidence_level":0.95,"lower_bound":1723.6461447159109,"upper_bound":3005.6816542116044},"point_estimate":2373.2429030699045,"standard_error":330.54469135898074}}