{"Mean":{"confidence_interval":{"confidence_level":0.95,"lower_bound":0.018603543580861935,"upper_bound":0.055638881288494035},"point_estimate":0.03756776746454249,"standard_error":0.009440717984099371},"Median":{"confidence_interval":{"confidence_level":0.95,"lower_bound":0.02729500722112488,"upper_bound":0.05892084942227438},"point_estimate":0.04694641819080436,"standard_error":0.00851703435397259}}