{"Mean":{"confidence_interval":{"confidence_level":0.95,"lower_bound":-0.0036125861583143236,"upper_bound":0.013121577947381355},"point_estimate":0.004697379491002351,"standard_error":0.004237140627730551},"Median":{"confidence_interval":{"confidence_level":0.95,"lower_bound":0.0021075443443313844,"upper_bound":0.01358264062240444},"point_estimate":0.008387049801168445,"standard_error":0.0029904466690024688}}