{"Mean":{"confidence_interval":{"confidence_level":0.95,"lower_bound":0.0700383021625785,"upper_bound":0.0934763293162499},"point_estimate":0.08199951965025387,"standard_error":0.005976932925914737},"Median":{"confidence_interval":{"confidence_level":0.95,"lower_bound":0.0722919986269781,"upper_bound":0.09699514860061109},"point_estimate":0.08402247494053916,"standard_error":0.006314496162485647}}