{"Mean":{"confidence_interval":{"confidence_level":0.95,"lower_bound":78881.16961609709,"upper_bound":80478.80387430158},"point_estimate":79681.14823555159,"standard_error":408.1853072186879},"Median":{"confidence_interval":{"confidence_level":0.95,"lower_bound":79303.05332302107,"upper_bound":80393.27218934911},"point_estimate":79853.36685393259,"standard_error":252.56205679477867},"MedianAbsDev":{"confidence_interval":{"confidence_level":0.95,"lower_bound":2017.8982018420152,"upper_bound":3548.495904359907},"point_estimate":2829.0063784464214,"standard_error":413.86325885876903},"Slope":{"confidence_interval":{"confidence_level":0.95,"lower_bound":79386.27311715095,"upper_bound":80424.43038468766},"point_estimate":79893.80810926328,"standard_error":264.4402040701185},"StdDev":{"confidence_interval":{"confidence_level":0.95,"lower_bound":3303.3320027682007,"upper_bound":4847.629292681215},"point_estimate":4106.548076964531,"standard_error":394.85989403151206}}