{"Mean":{"confidence_interval":{"confidence_level":0.95,"lower_bound":13639.687430343422,"upper_bound":13744.726491413952},"point_estimate":13683.452525112069,"standard_error":27.312061491352658},"Median":{"confidence_interval":{"confidence_level":0.95,"lower_bound":13599.630419432284,"upper_bound":13624.732041164043},"point_estimate":13608.281756382083,"standard_error":6.159876659564205},"MedianAbsDev":{"confidence_interval":{"confidence_level":0.95,"lower_bound":15.107430873233566,"upper_bound":48.579563725337984},"point_estimate":26.70287795058645,"standard_error":8.146886045839905},"Slope":{"confidence_interval":{"confidence_level":0.95,"lower_bound":13627.492590527661,"upper_bound":13668.372481458713},"point_estimate":13646.089745481193,"standard_error":10.488685586623832},"StdDev":{"confidence_interval":{"confidence_level":0.95,"lower_bound":94.28831211745276,"upper_bound":433.1628045420457},"point_estimate":274.33076239463577,"standard_error":98.19704545620836}}