{"Mean":{"confidence_interval":{"confidence_level":0.95,"lower_bound":-0.022674333809524924,"upper_bound":0.004065757810306046},"point_estimate":-0.008156244055555262,"standard_error":0.006830986109091415},"Median":{"confidence_interval":{"confidence_level":0.95,"lower_bound":-0.008901399525739984,"upper_bound":0.006567835127043731},"point_estimate":-0.003311849067257122,"standard_error":0.003984515221704878}}