{"Mean":{"confidence_interval":{"confidence_level":0.95,"lower_bound":0.018102793750122075,"upper_bound":0.04897971246492704},"point_estimate":0.032988866479894075,"standard_error":0.007883361315943412},"Median":{"confidence_interval":{"confidence_level":0.95,"lower_bound":0.02564286334428001,"upper_bound":0.045836709744836224},"point_estimate":0.03394008431312967,"standard_error":0.004926589515249667}}