{"Mean":{"confidence_interval":{"confidence_level":0.95,"lower_bound":3504235.5116737536,"upper_bound":3550612.8348865556},"point_estimate":3527212.5665013553,"standard_error":11831.881736595444},"Median":{"confidence_interval":{"confidence_level":0.95,"lower_bound":3499145.6522108843,"upper_bound":3553946.507612728},"point_estimate":3520749.313516896,"standard_error":14584.31112874444},"MedianAbsDev":{"confidence_interval":{"confidence_level":0.95,"lower_bound":84305.17943914593,"upper_bound":128745.49080446413},"point_estimate":107927.58848482174,"standard_error":10888.595403514111},"Slope":{"confidence_interval":{"confidence_level":0.95,"lower_bound":3510755.6624818933,"upper_bound":3551144.113986219},"point_estimate":3530459.186797695,"standard_error":10308.503234262454},"StdDev":{"confidence_interval":{"confidence_level":0.95,"lower_bound":99199.9413729979,"upper_bound":136562.37766357808},"point_estimate":118603.28251557365,"standard_error":9518.814154249625}}