{"Mean":{"confidence_interval":{"confidence_level":0.95,"lower_bound":154616.53473474568,"upper_bound":156507.4924603643},"point_estimate":155563.05495690752,"standard_error":484.6712366384242},"Median":{"confidence_interval":{"confidence_level":0.95,"lower_bound":154407.81161695448,"upper_bound":156697.22167487684},"point_estimate":155963.4799166351,"standard_error":539.3366431530185},"MedianAbsDev":{"confidence_interval":{"confidence_level":0.95,"lower_bound":3191.057084575502,"upper_bound":5322.675302536535},"point_estimate":4421.93380199918,"standard_error":551.6910095988055},"Slope":{"confidence_interval":{"confidence_level":0.95,"lower_bound":155341.16341264872,"upper_bound":156879.4574093089},"point_estimate":156117.97699972556,"standard_error":392.6273628552091},"StdDev":{"confidence_interval":{"confidence_level":0.95,"lower_bound":4067.5089926842597,"upper_bound":5635.031424033218},"point_estimate":4887.613838701416,"standard_error":398.7978414701051}}