{"Mean":{"confidence_interval":{"confidence_level":0.95,"lower_bound":7845680.915283548,"upper_bound":7948912.933009296},"point_estimate":7901942.896554904,"standard_error":26201.191948402142},"Median":{"confidence_interval":{"confidence_level":0.95,"lower_bound":7879765.367661692,"upper_bound":7962935.657142857},"point_estimate":7913005.430645161,"standard_error":23076.703390120918},"MedianAbsDev":{"confidence_interval":{"confidence_level":0.95,"lower_bound":106901.65144770977,"upper_bound":171431.1531029782},"point_estimate":140969.9268056168,"standard_error":17102.995701550997},"Slope":{"confidence_interval":{"confidence_level":0.95,"lower_bound":7925307.792831673,"upper_bound":7976075.181307326},"point_estimate":7951003.7953834785,"standard_error":12951.723321593958},"StdDev":{"confidence_interval":{"confidence_level":0.95,"lower_bound":133407.75182834966,"upper_bound":391046.6088829131},"point_estimate":263377.8078781123,"standard_error":69511.72958765255}}