{"Mean":{"confidence_interval":{"confidence_level":0.95,"lower_bound":0.010144598806139113,"upper_bound":0.022670845813699315},"point_estimate":0.01663302177862569,"standard_error":0.0031916155573224188},"Median":{"confidence_interval":{"confidence_level":0.95,"lower_bound":0.012617636054729653,"upper_bound":0.020783994385208625},"point_estimate":0.01567890299793495,"standard_error":0.0021567537904097463}}