{"Mean":{"confidence_interval":{"confidence_level":0.95,"lower_bound":63238.02997042661,"upper_bound":64384.27410947526},"point_estimate":63807.6257371541,"standard_error":292.390736803213},"Median":{"confidence_interval":{"confidence_level":0.95,"lower_bound":62996.80738970588,"upper_bound":64235.77361111111},"point_estimate":63632.91972693032,"standard_error":350.74138633914004},"MedianAbsDev":{"confidence_interval":{"confidence_level":0.95,"lower_bound":1903.6311017240603,"upper_bound":3304.6177649108517},"point_estimate":2490.564172956722,"standard_error":353.3660059614955},"Slope":{"confidence_interval":{"confidence_level":0.95,"lower_bound":62747.15917806498,"upper_bound":63742.492874993455},"point_estimate":63250.10204392641,"standard_error":253.03134671256538},"StdDev":{"confidence_interval":{"confidence_level":0.95,"lower_bound":2458.610266339504,"upper_bound":3380.0550352741216},"point_estimate":2939.4501693453103,"standard_error":235.13442078933627}}