{"Mean":{"confidence_interval":{"confidence_level":0.95,"lower_bound":0.023313949575740844,"upper_bound":0.06291913432667862},"point_estimate":0.043568235860365734,"standard_error":0.01009111844294572},"Median":{"confidence_interval":{"confidence_level":0.95,"lower_bound":0.01936834645529828,"upper_bound":0.05887057321402356},"point_estimate":0.03533918627315602,"standard_error":0.010459873730986355}}