{"Mean":{"confidence_interval":{"confidence_level":0.95,"lower_bound":514315.2135109061,"upper_bound":527168.3520944485},"point_estimate":520724.92673626385,"standard_error":3284.681184082285},"Median":{"confidence_interval":{"confidence_level":0.95,"lower_bound":510470.94623655913,"upper_bound":529855.75},"point_estimate":519790.17248062015,"standard_error":4058.2181146708863},"MedianAbsDev":{"confidence_interval":{"confidence_level":0.95,"lower_bound":28046.39861318798,"upper_bound":45424.274841718485},"point_estimate":39423.95937522609,"standard_error":4431.468807811466},"Slope":{"confidence_interval":{"confidence_level":0.95,"lower_bound":509031.8055426763,"upper_bound":522706.4563770377},"point_estimate":515836.2290054677,"standard_error":3493.051071183942},"StdDev":{"confidence_interval":{"confidence_level":0.95,"lower_bound":29011.83643596571,"upper_bound":36653.55971859359},"point_estimate":33027.3224246292,"standard_error":1943.6954221427754}}