{"Mean":{"confidence_interval":{"confidence_level":0.95,"lower_bound":307357.2945825457,"upper_bound":311338.74574671505},"point_estimate":309513.9533227968,"standard_error":1014.9929138980706},"Median":{"confidence_interval":{"confidence_level":0.95,"lower_bound":308302.2131799521,"upper_bound":311153.974434339},"point_estimate":310570.656408308,"standard_error":782.6012174686127},"MedianAbsDev":{"confidence_interval":{"confidence_level":0.95,"lower_bound":4126.604575860573,"upper_bound":7172.391066430615},"point_estimate":5435.946296667523,"standard_error":799.3780944405527},"Slope":{"confidence_interval":{"confidence_level":0.95,"lower_bound":309475.6539480175,"upper_bound":311342.209360409},"point_estimate":310415.0305918428,"standard_error":477.06872409568166},"StdDev":{"confidence_interval":{"confidence_level":0.95,"lower_bound":6152.291933161083,"upper_bound":14717.975040347581},"point_estimate":10188.987226861835,"standard_error":2491.5688659517523}}