{"Mean":{"confidence_interval":{"confidence_level":0.95,"lower_bound":-0.04256098908320442,"upper_bound":0.00668817059706176},"point_estimate":-0.018165042862098968,"standard_error":0.012505462004874112},"Median":{"confidence_interval":{"confidence_level":0.95,"lower_bound":-0.04370344034981599,"upper_bound":0.009538728386127238},"point_estimate":-0.011522123755517977,"standard_error":0.014286758224079066}}