{"Mean":{"confidence_interval":{"confidence_level":0.95,"lower_bound":305649.45225605735,"upper_bound":309756.80679655314},"point_estimate":307676.29851423565,"standard_error":1044.3389435756285},"Median":{"confidence_interval":{"confidence_level":0.95,"lower_bound":305767.2530120482,"upper_bound":308805.90105633804},"point_estimate":307886.8841350601,"standard_error":747.5566721914163},"MedianAbsDev":{"confidence_interval":{"confidence_level":0.95,"lower_bound":4791.83511619483,"upper_bound":7900.626760749028},"point_estimate":6474.729701133904,"standard_error":782.7601649673576},"Slope":{"confidence_interval":{"confidence_level":0.95,"lower_bound":305989.2959458936,"upper_bound":308953.62168861285},"point_estimate":307382.4291192552,"standard_error":757.8720817683538},"StdDev":{"confidence_interval":{"confidence_level":0.95,"lower_bound":6864.015259725807,"upper_bound":13858.622234221895},"point_estimate":10491.76375228015,"standard_error":1788.9124953984935}}