{"Mean":{"confidence_interval":{"confidence_level":0.95,"lower_bound":440581.3804223482,"upper_bound":462741.16498875455},"point_estimate":451654.4023193562,"standard_error":5643.161759394405},"Median":{"confidence_interval":{"confidence_level":0.95,"lower_bound":438888.4761904762,"upper_bound":464238.9387755102},"point_estimate":450365.2827020202,"standard_error":5196.565115476141},"MedianAbsDev":{"confidence_interval":{"confidence_level":0.95,"lower_bound":35165.86845581446,"upper_bound":60693.40176682478},"point_estimate":43676.271869975775,"standard_error":6483.62817751859},"Slope":{"confidence_interval":{"confidence_level":0.95,"lower_bound":445576.9837015937,"upper_bound":463964.45320942847},"point_estimate":454570.31299541896,"standard_error":4667.480137787733},"StdDev":{"confidence_interval":{"confidence_level":0.95,"lower_bound":47817.899601749275,"upper_bound":64548.300825954735},"point_estimate":56701.612346093156,"standard_error":4276.586348075367}}