{"Mean":{"confidence_interval":{"confidence_level":0.95,"lower_bound":0.3653771889020625,"upper_bound":0.41531360096368314},"point_estimate":0.3897881340531033,"standard_error":0.012763591502357379},"Median":{"confidence_interval":{"confidence_level":0.95,"lower_bound":0.3509104676780588,"upper_bound":0.3999353631256022},"point_estimate":0.3774704740734369,"standard_error":0.012436887834914824}}