{"Mean":{"confidence_interval":{"confidence_level":0.95,"lower_bound":296611.7278950018,"upper_bound":300134.983546587},"point_estimate":298365.3253365584,"standard_error":898.6627157473438},"Median":{"confidence_interval":{"confidence_level":0.95,"lower_bound":296703.00245098036,"upper_bound":300873.1022940075},"point_estimate":298362.08464539004,"standard_error":1155.9832006622858},"MedianAbsDev":{"confidence_interval":{"confidence_level":0.95,"lower_bound":5935.448663317703,"upper_bound":9677.44181030645},"point_estimate":7761.62604668001,"standard_error":983.7433855669262},"Slope":{"confidence_interval":{"confidence_level":0.95,"lower_bound":296810.12638679234,"upper_bound":299837.97351304063},"point_estimate":298378.1067311955,"standard_error":775.3711126466998},"StdDev":{"confidence_interval":{"confidence_level":0.95,"lower_bound":7561.297225108594,"upper_bound":10349.338972328707},"point_estimate":9028.56570123709,"standard_error":711.8597358254226}}