{"Mean":{"confidence_interval":{"confidence_level":0.95,"lower_bound":169560.4432950369,"upper_bound":189213.72762749976},"point_estimate":179384.69089618447,"standard_error":5020.263839799775},"Median":{"confidence_interval":{"confidence_level":0.95,"lower_bound":174750.29710144928,"upper_bound":190786.075},"point_estimate":183857.4242772109,"standard_error":4282.502944876765},"MedianAbsDev":{"confidence_interval":{"confidence_level":0.95,"lower_bound":29266.94453310417,"upper_bound":55091.11607141644},"point_estimate":39291.16141339941,"standard_error":6652.489786112978},"Slope":{"confidence_interval":{"confidence_level":0.95,"lower_bound":182861.3971669406,"upper_bound":200590.115976068},"point_estimate":191817.81722476726,"standard_error":4518.145377153727},"StdDev":{"confidence_interval":{"confidence_level":0.95,"lower_bound":43444.98214463909,"upper_bound":57062.87088348665},"point_estimate":50672.414364674914,"standard_error":3479.0196559141095}}