{"Mean":{"confidence_interval":{"confidence_level":0.95,"lower_bound":0.8215375059889057,"upper_bound":0.886234043976428},"point_estimate":0.8543679478192443,"standard_error":0.016493549390207852},"Median":{"confidence_interval":{"confidence_level":0.95,"lower_bound":0.8085753749213471,"upper_bound":0.8730253764458411},"point_estimate":0.8322887178138147,"standard_error":0.017360149271579892}}