{"Mean":{"confidence_interval":{"confidence_level":0.95,"lower_bound":101447194.88080916,"upper_bound":101717048.5040858},"point_estimate":101577893.3249853,"standard_error":68811.91174694452},"Median":{"confidence_interval":{"confidence_level":0.95,"lower_bound":101418394.07247597,"upper_bound":101725632.03448276},"point_estimate":101562089.84583858,"standard_error":68286.09354794277},"MedianAbsDev":{"confidence_interval":{"confidence_level":0.95,"lower_bound":421216.1581666606,"upper_bound":652613.5410914598},"point_estimate":552820.6893251825,"standard_error":60215.84067772893},"Slope":{"confidence_interval":{"confidence_level":0.95,"lower_bound":101404436.63946079,"upper_bound":101661301.56043349},"point_estimate":101531597.43611054,"standard_error":65599.43207216686},"StdDev":{"confidence_interval":{"confidence_level":0.95,"lower_bound":509626.34563892666,"upper_bound":867413.0885737763},"point_estimate":690358.0667344377,"standard_error":92343.69034270695}}