{"Mean":{"confidence_interval":{"confidence_level":0.95,"lower_bound":-0.0034262657539860016,"upper_bound":0.04891360033629094},"point_estimate":0.021235131231376325,"standard_error":0.013398158209753406},"Median":{"confidence_interval":{"confidence_level":0.95,"lower_bound":-0.015299459788359024,"upper_bound":0.03808256423545342},"point_estimate":0.0059907462828006075,"standard_error":0.013996140141201572}}