{"Mean":{"confidence_interval":{"confidence_level":0.95,"lower_bound":37952.71028521627,"upper_bound":38351.52294045257},"point_estimate":38148.457653085294,"standard_error":102.10949395195084},"Median":{"confidence_interval":{"confidence_level":0.95,"lower_bound":37794.711455641685,"upper_bound":38265.48940835189},"point_estimate":38014.14481481482,"standard_error":134.88837633348558},"MedianAbsDev":{"confidence_interval":{"confidence_level":0.95,"lower_bound":718.1608984002461,"upper_bound":1182.7912013522998},"point_estimate":937.420345884518,"standard_error":117.1690026483153},"Slope":{"confidence_interval":{"confidence_level":0.95,"lower_bound":37867.727748576435,"upper_bound":38191.31999505895},"point_estimate":38026.698019692514,"standard_error":82.1443936782134},"StdDev":{"confidence_interval":{"confidence_level":0.95,"lower_bound":862.9300592588271,"upper_bound":1177.6252582021132},"point_estimate":1026.378792745947,"standard_error":80.45916433899416}}