{"Mean":{"confidence_interval":{"confidence_level":0.95,"lower_bound":153535.018211088,"upper_bound":155053.60056936182},"point_estimate":154292.3770970063,"standard_error":387.4445009980175},"Median":{"confidence_interval":{"confidence_level":0.95,"lower_bound":153449.32013769363,"upper_bound":154992.64055299538},"point_estimate":154143.38685250218,"standard_error":464.92523786178003},"MedianAbsDev":{"confidence_interval":{"confidence_level":0.95,"lower_bound":2715.9337851420587,"upper_bound":4330.188138671852},"point_estimate":3738.592790480503,"standard_error":416.786988349016},"Slope":{"confidence_interval":{"confidence_level":0.95,"lower_bound":153144.5248807066,"upper_bound":154442.69104061372},"point_estimate":153773.35728092212,"standard_error":330.68924212140996},"StdDev":{"confidence_interval":{"confidence_level":0.95,"lower_bound":3186.175268889268,"upper_bound":4578.46077573559},"point_estimate":3908.8507376862262,"standard_error":355.31395376249577}}