{"Mean":{"confidence_interval":{"confidence_level":0.95,"lower_bound":156821.00994555422,"upper_bound":158914.03971415453},"point_estimate":157834.514604211,"standard_error":531.3708111146686},"Median":{"confidence_interval":{"confidence_level":0.95,"lower_bound":156921.18948412698,"upper_bound":158479.03928571427},"point_estimate":157539.83933831265,"standard_error":366.25679940010673},"MedianAbsDev":{"confidence_interval":{"confidence_level":0.95,"lower_bound":3460.3073554691714,"upper_bound":5102.586218878121},"point_estimate":4312.763993287605,"standard_error":416.4612915438653},"Slope":{"confidence_interval":{"confidence_level":0.95,"lower_bound":156842.55951458483,"upper_bound":158411.80323822453},"point_estimate":157632.21195338725,"standard_error":401.45910692026433},"StdDev":{"confidence_interval":{"confidence_level":0.95,"lower_bound":3874.311078341974,"upper_bound":6947.118644328978},"point_estimate":5335.432908996484,"standard_error":812.1551942201647}}