{"Mean":{"confidence_interval":{"confidence_level":0.95,"lower_bound":306794.5393712857,"upper_bound":310948.08175523224},"point_estimate":308901.00762315484,"standard_error":1056.719918357546},"Median":{"confidence_interval":{"confidence_level":0.95,"lower_bound":308439.81409143517,"upper_bound":310741.73255813954},"point_estimate":309580.7057291667,"standard_error":566.8386419952675},"MedianAbsDev":{"confidence_interval":{"confidence_level":0.95,"lower_bound":4349.182583989512,"upper_bound":8185.456873146964},"point_estimate":5908.141480109513,"standard_error":974.9999156858826},"Slope":{"confidence_interval":{"confidence_level":0.95,"lower_bound":307512.5886326104,"upper_bound":309928.65838806034},"point_estimate":308716.04013743164,"standard_error":615.9085819769915},"StdDev":{"confidence_interval":{"confidence_level":0.95,"lower_bound":7162.813609606437,"upper_bound":13851.281962529189},"point_estimate":10598.228955791341,"standard_error":1717.336431883951}}