{"Mean":{"confidence_interval":{"confidence_level":0.95,"lower_bound":15016.862535380757,"upper_bound":15087.818610538914},"point_estimate":15047.481759344635,"standard_error":18.30866444957803},"Median":{"confidence_interval":{"confidence_level":0.95,"lower_bound":14999.430333510314,"upper_bound":15027.325870646766},"point_estimate":15009.300917361004,"standard_error":8.049620650394928},"MedianAbsDev":{"confidence_interval":{"confidence_level":0.95,"lower_bound":43.03362094563346,"upper_bound":72.16929207016351},"point_estimate":58.33482039264949,"standard_error":7.488441245852274},"Slope":{"confidence_interval":{"confidence_level":0.95,"lower_bound":15015.284891876725,"upper_bound":15038.343998128925},"point_estimate":15026.380509231587,"standard_error":5.8833984043776555},"StdDev":{"confidence_interval":{"confidence_level":0.95,"lower_bound":67.17144000872565,"upper_bound":277.09150370060604},"point_estimate":183.12980464910152,"standard_error":55.68311828119964}}