{"Mean":{"confidence_interval":{"confidence_level":0.95,"lower_bound":0.503315880123603,"upper_bound":0.544592370175147},"point_estimate":0.5248131377405916,"standard_error":0.01056962444385032},"Median":{"confidence_interval":{"confidence_level":0.95,"lower_bound":0.5007839117215314,"upper_bound":0.5488611446768208},"point_estimate":0.5229040287420155,"standard_error":0.013069293997741274}}