{"Mean":{"confidence_interval":{"confidence_level":0.95,"lower_bound":0.3124509012778849,"upper_bound":0.35484475373787905},"point_estimate":0.33296675615891913,"standard_error":0.010785127660352343},"Median":{"confidence_interval":{"confidence_level":0.95,"lower_bound":0.30448999940177424,"upper_bound":0.3390489855563812},"point_estimate":0.3211604797039793,"standard_error":0.008730670061654676}}