{"Mean":{"confidence_interval":{"confidence_level":0.95,"lower_bound":522565.9751465194,"upper_bound":535120.244105019},"point_estimate":529278.6273127696,"standard_error":3211.835502134768},"Median":{"confidence_interval":{"confidence_level":0.95,"lower_bound":528164.3333333334,"upper_bound":536117.1463414634},"point_estimate":531830.5337256028,"standard_error":2116.2125932974263},"MedianAbsDev":{"confidence_interval":{"confidence_level":0.95,"lower_bound":12862.769946140725,"upper_bound":22962.504234401313},"point_estimate":17496.78291262584,"standard_error":2619.0106976003563},"Slope":{"confidence_interval":{"confidence_level":0.95,"lower_bound":527091.5607339133,"upper_bound":533886.0465085323},"point_estimate":530459.2866883405,"standard_error":1730.8896262819276},"StdDev":{"confidence_interval":{"confidence_level":0.95,"lower_bound":18782.867041518923,"upper_bound":44592.19877485631},"point_estimate":32436.26625662015,"standard_error":6709.05082661546}}