{"Mean":{"confidence_interval":{"confidence_level":0.95,"lower_bound":-0.0064970868279041714,"upper_bound":0.009447443374917557},"point_estimate":0.0014276622054592014,"standard_error":0.004067994879124559},"Median":{"confidence_interval":{"confidence_level":0.95,"lower_bound":-0.0034391243047237063,"upper_bound":0.013213260063536403},"point_estimate":0.005561876790991516,"standard_error":0.004247260839672031}}