{"Mean":{"confidence_interval":{"confidence_level":0.95,"lower_bound":77231539.34270804,"upper_bound":77612791.95681266},"point_estimate":77428681.81791364,"standard_error":97067.2506823579},"Median":{"confidence_interval":{"confidence_level":0.95,"lower_bound":77329987.15556628,"upper_bound":77635080.85185185},"point_estimate":77476849.35174826,"standard_error":72957.15186268958},"MedianAbsDev":{"confidence_interval":{"confidence_level":0.95,"lower_bound":502621.52781413234,"upper_bound":801275.262249104},"point_estimate":612955.1792613701,"standard_error":76209.8131640997},"Slope":{"confidence_interval":{"confidence_level":0.95,"lower_bound":77365547.76807621,"upper_bound":77680516.74610665},"point_estimate":77527396.41650362,"standard_error":80124.98573320865},"StdDev":{"confidence_interval":{"confidence_level":0.95,"lower_bound":696950.2542901366,"upper_bound":1247687.1756229359},"point_estimate":974922.7419021358,"standard_error":142353.63017096184}}