{"Mean":{"confidence_interval":{"confidence_level":0.95,"lower_bound":993240.4563140266,"upper_bound":1018274.6344293781},"point_estimate":1005884.5141943028,"standard_error":6389.7482378776585},"Median":{"confidence_interval":{"confidence_level":0.95,"lower_bound":992845.8776829939,"upper_bound":1019050.8334226748},"point_estimate":1006513.1478693183,"standard_error":7446.031415823635},"MedianAbsDev":{"confidence_interval":{"confidence_level":0.95,"lower_bound":34473.8297085243,"upper_bound":55516.17840439085},"point_estimate":43648.38526044078,"standard_error":5429.190105677815},"Slope":{"confidence_interval":{"confidence_level":0.95,"lower_bound":1000996.0590866517,"upper_bound":1018127.7328486413},"point_estimate":1009561.0952327471,"standard_error":4377.877765402202},"StdDev":{"confidence_interval":{"confidence_level":0.95,"lower_bound":49369.823396393884,"upper_bound":78288.10272213483},"point_estimate":64321.21364294975,"standard_error":7408.643206781118}}