{"Mean":{"confidence_interval":{"confidence_level":0.95,"lower_bound":23783.61675966845,"upper_bound":24560.492123068274},"point_estimate":24178.42135107893,"standard_error":197.97795877157756},"Median":{"confidence_interval":{"confidence_level":0.95,"lower_bound":23956.077876984127,"upper_bound":24784.893177365884},"point_estimate":24316.636904761905,"standard_error":208.33546832023333},"MedianAbsDev":{"confidence_interval":{"confidence_level":0.95,"lower_bound":1513.753544823176,"upper_bound":2525.286171417934},"point_estimate":2006.677537519108,"standard_error":262.05021554426116},"Slope":{"confidence_interval":{"confidence_level":0.95,"lower_bound":23943.64152484277,"upper_bound":24762.106612662326},"point_estimate":24361.237353473087,"standard_error":208.8752222323505},"StdDev":{"confidence_interval":{"confidence_level":0.95,"lower_bound":1702.9376072366301,"upper_bound":2260.8591098434335},"point_estimate":1994.289792166701,"standard_error":142.9291622312713}}