{"Mean":{"confidence_interval":{"confidence_level":0.95,"lower_bound":120610.5448992369,"upper_bound":144343.51794083058},"point_estimate":131435.00975224617,"standard_error":6059.334871080896},"Median":{"confidence_interval":{"confidence_level":0.95,"lower_bound":111236.28187613844,"upper_bound":126266.95884146342},"point_estimate":117531.65657894737,"standard_error":4281.500929743162},"MedianAbsDev":{"confidence_interval":{"confidence_level":0.95,"lower_bound":21822.65913036767,"upper_bound":41740.03727672757},"point_estimate":30587.980728026338,"standard_error":5272.901516159318},"Slope":{"confidence_interval":{"confidence_level":0.95,"lower_bound":115614.52507569332,"upper_bound":127007.5470023684},"point_estimate":121198.73907972514,"standard_error":2911.0851696340474},"StdDev":{"confidence_interval":{"confidence_level":0.95,"lower_bound":37133.40545909197,"upper_bound":86417.02797246877},"point_estimate":60783.5511208901,"standard_error":13991.825912127038}}