{"Mean":{"confidence_interval":{"confidence_level":0.95,"lower_bound":857596.4020176086,"upper_bound":870842.0370406215},"point_estimate":864313.1443419218,"standard_error":3376.333647439998},"Median":{"confidence_interval":{"confidence_level":0.95,"lower_bound":859355.52078125,"upper_bound":870538.947368421},"point_estimate":866117.0191283294,"standard_error":3078.7002246810953},"MedianAbsDev":{"confidence_interval":{"confidence_level":0.95,"lower_bound":14180.662259980492,"upper_bound":25470.75457985308},"point_estimate":17900.931159768457,"standard_error":2966.2913685272565},"Slope":{"confidence_interval":{"confidence_level":0.95,"lower_bound":863976.653743348,"upper_bound":871655.6380795031},"point_estimate":867807.9556479977,"standard_error":1956.437808235558},"StdDev":{"confidence_interval":{"confidence_level":0.95,"lower_bound":25175.761702237185,"upper_bound":42247.39104794411},"point_estimate":33912.82354743371,"standard_error":4375.295266589407}}