{"Mean":{"confidence_interval":{"confidence_level":0.95,"lower_bound":81047.2226783095,"upper_bound":82231.11458794713},"point_estimate":81634.48270409505,"standard_error":301.2338906495834},"Median":{"confidence_interval":{"confidence_level":0.95,"lower_bound":81128.81656804733,"upper_bound":82359.27243589744},"point_estimate":81705.52658221408,"standard_error":290.53033072837655},"MedianAbsDev":{"confidence_interval":{"confidence_level":0.95,"lower_bound":1965.5524319553049,"upper_bound":3145.9709830531756},"point_estimate":2714.5988276036146,"standard_error":307.08250300984366},"Slope":{"confidence_interval":{"confidence_level":0.95,"lower_bound":81153.51009239742,"upper_bound":82061.24870271531},"point_estimate":81616.35384410771,"standard_error":231.4851125495396},"StdDev":{"confidence_interval":{"confidence_level":0.95,"lower_bound":2410.3992703047084,"upper_bound":3621.8915476521815},"point_estimate":3025.1608691442475,"standard_error":310.9281757856578}}