{"Mean":{"confidence_interval":{"confidence_level":0.95,"lower_bound":-0.013128124668667382,"upper_bound":7.21050102161855e-6},"point_estimate":-0.006409764220791425,"standard_error":0.003363360219640689},"Median":{"confidence_interval":{"confidence_level":0.95,"lower_bound":-0.009823688860400415,"upper_bound":0.003894472900033641},"point_estimate":-0.002159933347316678,"standard_error":0.003705701650507783}}