{"Mean":{"confidence_interval":{"confidence_level":0.95,"lower_bound":5178276.209939899,"upper_bound":5295167.681799013},"point_estimate":5236499.858771429,"standard_error":29806.181541942777},"Median":{"confidence_interval":{"confidence_level":0.95,"lower_bound":5167080.666666667,"upper_bound":5300420.80952381},"point_estimate":5221567.549926308,"standard_error":37888.36920417838},"MedianAbsDev":{"confidence_interval":{"confidence_level":0.95,"lower_bound":209390.14160842358,"upper_bound":350304.8580353905},"point_estimate":302636.84193433105,"standard_error":36001.050049779675},"Slope":{"confidence_interval":{"confidence_level":0.95,"lower_bound":5146728.247986144,"upper_bound":5263200.232886505},"point_estimate":5205393.38019802,"standard_error":29794.270435301813},"StdDev":{"confidence_interval":{"confidence_level":0.95,"lower_bound":256397.00835005028,"upper_bound":338405.96674390713},"point_estimate":299657.2284090261,"standard_error":20930.667866827487}}