{"Mean":{"confidence_interval":{"confidence_level":0.95,"lower_bound":-0.022169911747431006,"upper_bound":0.011967765644010957},"point_estimate":-0.00506809868918956,"standard_error":0.008792348237066738},"Median":{"confidence_interval":{"confidence_level":0.95,"lower_bound":-0.02916508958155606,"upper_bound":0.011474813607928102},"point_estimate":-0.009787897521614242,"standard_error":0.010056426279705445}}