{"Mean":{"confidence_interval":{"confidence_level":0.95,"lower_bound":-0.023047643867640986,"upper_bound":0.015381896821969544},"point_estimate":-0.0044665725698422865,"standard_error":0.009807600466602983},"Median":{"confidence_interval":{"confidence_level":0.95,"lower_bound":-0.01667703467678999,"upper_bound":0.010515766942780669},"point_estimate":-0.001717101667938814,"standard_error":0.006934215150825548}}