{"Mean":{"confidence_interval":{"confidence_level":0.95,"lower_bound":4727085.713187058,"upper_bound":4891982.51139798},"point_estimate":4809208.803066209,"standard_error":42145.36186461176},"Median":{"confidence_interval":{"confidence_level":0.95,"lower_bound":4731076.430555556,"upper_bound":4910415.775},"point_estimate":4825027.960423634,"standard_error":47880.978687195355},"MedianAbsDev":{"confidence_interval":{"confidence_level":0.95,"lower_bound":339954.2924230136,"upper_bound":567786.1677470532},"point_estimate":477425.1176019363,"standard_error":58315.09746374937},"Slope":{"confidence_interval":{"confidence_level":0.95,"lower_bound":4735264.520745612,"upper_bound":4877211.674400223},"point_estimate":4806664.756045515,"standard_error":36223.469466790535},"StdDev":{"confidence_interval":{"confidence_level":0.95,"lower_bound":367368.7991513124,"upper_bound":472976.42540736834},"point_estimate":422722.4290544153,"standard_error":26957.336506611653}}