{"Mean":{"confidence_interval":{"confidence_level":0.95,"lower_bound":74669.9905642156,"upper_bound":77170.60238961405},"point_estimate":75862.63030786531,"standard_error":639.200703612046},"Median":{"confidence_interval":{"confidence_level":0.95,"lower_bound":74312.97376093295,"upper_bound":76361.74414936916},"point_estimate":75317.08147321429,"standard_error":530.3336206316374},"MedianAbsDev":{"confidence_interval":{"confidence_level":0.95,"lower_bound":3354.722515410229,"upper_bound":5828.01833956161},"point_estimate":4228.507435747177,"standard_error":629.2055255365859},"Slope":{"confidence_interval":{"confidence_level":0.95,"lower_bound":74198.60544516976,"upper_bound":75859.29117228929},"point_estimate":75038.3524005151,"standard_error":425.11641337011423},"StdDev":{"confidence_interval":{"confidence_level":0.95,"lower_bound":4376.8528134255985,"upper_bound":8374.950414498338},"point_estimate":6422.383660749226,"standard_error":1036.3806154279298}}