{"Mean":{"confidence_interval":{"confidence_level":0.95,"lower_bound":445108.54431781976,"upper_bound":452132.8227475133},"point_estimate":448538.4428153248,"standard_error":1792.6634150156822},"Median":{"confidence_interval":{"confidence_level":0.95,"lower_bound":443573.2866666667,"upper_bound":450731.41854195966},"point_estimate":447186.30996996997,"standard_error":1885.7155723030587},"MedianAbsDev":{"confidence_interval":{"confidence_level":0.95,"lower_bound":10704.184231841335,"upper_bound":16370.74202684374},"point_estimate":14224.28861048436,"standard_error":1446.3041892007377},"Slope":{"confidence_interval":{"confidence_level":0.95,"lower_bound":446277.3592347316,"upper_bound":451087.5577396345},"point_estimate":448734.29505935666,"standard_error":1227.8610469849243},"StdDev":{"confidence_interval":{"confidence_level":0.95,"lower_bound":13445.001366158775,"upper_bound":22617.50323285531},"point_estimate":18035.659714411366,"standard_error":2369.3033951792827}}