{"Mean":{"confidence_interval":{"confidence_level":0.95,"lower_bound":0.002596833640870051,"upper_bound":0.02065022324114884},"point_estimate":0.011345803350088612,"standard_error":0.00460343726376134},"Median":{"confidence_interval":{"confidence_level":0.95,"lower_bound":0.0043965652323600946,"upper_bound":0.018412983513305586},"point_estimate":0.011007615364055034,"standard_error":0.0035054212480305834}}