{"Mean":{"confidence_interval":{"confidence_level":0.95,"lower_bound":-0.02226896019732653,"upper_bound":0.029336506669995318},"point_estimate":0.0037685275750842795,"standard_error":0.013187356553275725},"Median":{"confidence_interval":{"confidence_level":0.95,"lower_bound":-0.021717182929763768,"upper_bound":0.05336184631639007},"point_estimate":0.014106959014306142,"standard_error":0.018642799706783827}}