{"Mean":{"confidence_interval":{"confidence_level":0.95,"lower_bound":76106.87171282024,"upper_bound":77429.75234294227},"point_estimate":76825.75921041392,"standard_error":335.498021333227},"Median":{"confidence_interval":{"confidence_level":0.95,"lower_bound":76599.12914321451,"upper_bound":77263.81017369727},"point_estimate":76854.36349367694,"standard_error":168.90964875665082},"MedianAbsDev":{"confidence_interval":{"confidence_level":0.95,"lower_bound":1307.1046349317357,"upper_bound":2336.359766026017},"point_estimate":1904.977635795276,"standard_error":248.7273562018839},"Slope":{"confidence_interval":{"confidence_level":0.95,"lower_bound":76249.22059720282,"upper_bound":76888.67715468108},"point_estimate":76572.98695933887,"standard_error":162.92044028842213},"StdDev":{"confidence_interval":{"confidence_level":0.95,"lower_bound":1900.635766651844,"upper_bound":4996.198234275357},"point_estimate":3374.158808917782,"standard_error":885.5224235498492}}