{"Mean":{"confidence_interval":{"confidence_level":0.95,"lower_bound":38005.93581441774,"upper_bound":38730.59144152249},"point_estimate":38392.49495432877,"standard_error":185.0589694820259},"Median":{"confidence_interval":{"confidence_level":0.95,"lower_bound":38397.135149939284,"upper_bound":38908.19773755656},"point_estimate":38611.88650558843,"standard_error":134.250415852606},"MedianAbsDev":{"confidence_interval":{"confidence_level":0.95,"lower_bound":619.8131552456921,"upper_bound":983.8038660401679},"point_estimate":794.9820558970993,"standard_error":86.87508220668433},"Slope":{"confidence_interval":{"confidence_level":0.95,"lower_bound":38037.64808803831,"upper_bound":38676.7253758105},"point_estimate":38388.29830841982,"standard_error":163.73950814327574},"StdDev":{"confidence_interval":{"confidence_level":0.95,"lower_bound":1031.6649271697909,"upper_bound":2663.155322044134},"point_estimate":1855.8637649057316,"standard_error":433.3943245334817}}