{"Mean":{"confidence_interval":{"confidence_level":0.95,"lower_bound":-0.0344141944421596,"upper_bound":-0.013250379978004405},"point_estimate":-0.02396410390038295,"standard_error":0.005433678406306369},"Median":{"confidence_interval":{"confidence_level":0.95,"lower_bound":-0.038753905910120574,"upper_bound":-0.012692082397527615},"point_estimate":-0.02794206603313043,"standard_error":0.006678501173994165}}