{"Mean":{"confidence_interval":{"confidence_level":0.95,"lower_bound":0.20240804701604503,"upper_bound":0.2103046417410228},"point_estimate":0.20621575534249992,"standard_error":0.0020168005446373183},"Median":{"confidence_interval":{"confidence_level":0.95,"lower_bound":0.2054991718197193,"upper_bound":0.20913065209661252},"point_estimate":0.20736126951479394,"standard_error":0.000886018004549328}}