{"Mean":{"confidence_interval":{"confidence_level":0.95,"lower_bound":0.14070639565671386,"upper_bound":0.16876911874977085},"point_estimate":0.1546633980491221,"standard_error":0.007126525773710206},"Median":{"confidence_interval":{"confidence_level":0.95,"lower_bound":0.14021687649826142,"upper_bound":0.16542732141066052},"point_estimate":0.15342747656374756,"standard_error":0.0064470263855114455}}