{"Mean":{"confidence_interval":{"confidence_level":0.95,"lower_bound":73869.0117850968,"upper_bound":75894.80104659253},"point_estimate":74829.14447496504,"standard_error":518.7851945247824},"Median":{"confidence_interval":{"confidence_level":0.95,"lower_bound":73248.18469387756,"upper_bound":74638.77631064164},"point_estimate":73873.45924185464,"standard_error":394.4794142944868},"MedianAbsDev":{"confidence_interval":{"confidence_level":0.95,"lower_bound":2194.442057201345,"upper_bound":4254.534121582309},"point_estimate":2977.8996544900124,"standard_error":523.8402898470328},"Slope":{"confidence_interval":{"confidence_level":0.95,"lower_bound":72973.71154695729,"upper_bound":74239.33908969731},"point_estimate":73602.78494078405,"standard_error":323.96439385171306},"StdDev":{"confidence_interval":{"confidence_level":0.95,"lower_bound":3513.3017848117515,"upper_bound":6747.6649763139385},"point_estimate":5221.5683094669685,"standard_error":830.5905346848518}}