{"Mean":{"confidence_interval":{"confidence_level":0.95,"lower_bound":-0.00011626188514512453,"upper_bound":0.01559208274114283},"point_estimate":0.007368556582273422,"standard_error":0.003997742883872858},"Median":{"confidence_interval":{"confidence_level":0.95,"lower_bound":-0.0003895976794591194,"upper_bound":0.013241182423478944},"point_estimate":0.008731503521185457,"standard_error":0.0036266378865968544}}