{"Mean":{"confidence_interval":{"confidence_level":0.95,"lower_bound":-0.027659790956150152,"upper_bound":0.017833366734446694},"point_estimate":-0.005126926088811712,"standard_error":0.011670949441588153},"Median":{"confidence_interval":{"confidence_level":0.95,"lower_bound":-0.03734725419353226,"upper_bound":0.011165716687428122},"point_estimate":-0.008132132066451248,"standard_error":0.01121872036069883}}