{"Mean":{"confidence_interval":{"confidence_level":0.95,"lower_bound":79858.44149776732,"upper_bound":81922.89606554736},"point_estimate":80900.42318953288,"standard_error":526.4804651807311},"Median":{"confidence_interval":{"confidence_level":0.95,"lower_bound":79794.35567375887,"upper_bound":82119.67917448406},"point_estimate":80500.67055273787,"standard_error":549.7646909284973},"MedianAbsDev":{"confidence_interval":{"confidence_level":0.95,"lower_bound":3206.695836463431,"upper_bound":5504.035647993425},"point_estimate":4487.406795985291,"standard_error":623.2053395762827},"Slope":{"confidence_interval":{"confidence_level":0.95,"lower_bound":80102.91711473127,"upper_bound":81705.86961160332},"point_estimate":80893.76574871264,"standard_error":409.04125838384147},"StdDev":{"confidence_interval":{"confidence_level":0.95,"lower_bound":4230.20259632079,"upper_bound":6346.553856333526},"point_estimate":5294.680805859817,"standard_error":542.6673893179571}}