{"Mean":{"confidence_interval":{"confidence_level":0.95,"lower_bound":0.5890316810107329,"upper_bound":0.6407412813120967},"point_estimate":0.615356388714877,"standard_error":0.013280212215650152},"Median":{"confidence_interval":{"confidence_level":0.95,"lower_bound":0.5828121121731153,"upper_bound":0.6454124178033864},"point_estimate":0.614252746570505,"standard_error":0.0157974153821631}}