{"Mean":{"confidence_interval":{"confidence_level":0.95,"lower_bound":-0.0038825094917234147,"upper_bound":0.04926070937295329},"point_estimate":0.022025576437959993,"standard_error":0.013550651199407623},"Median":{"confidence_interval":{"confidence_level":0.95,"lower_bound":-0.01725547604353017,"upper_bound":0.04322305042241159},"point_estimate":0.01401541525046368,"standard_error":0.015762396474983644}}