{"Mean":{"confidence_interval":{"confidence_level":0.95,"lower_bound":97666.67152011141,"upper_bound":99506.27573441279},"point_estimate":98578.26520865952,"standard_error":468.18411047763334},"Median":{"confidence_interval":{"confidence_level":0.95,"lower_bound":98050.25764270613,"upper_bound":99105.67545454545},"point_estimate":98600.64787033733,"standard_error":304.5303363299272},"MedianAbsDev":{"confidence_interval":{"confidence_level":0.95,"lower_bound":2103.3368109176704,"upper_bound":3964.4412297884815},"point_estimate":3099.5149263849426,"standard_error":454.0201718940759},"Slope":{"confidence_interval":{"confidence_level":0.95,"lower_bound":97559.19758009343,"upper_bound":98766.09457892692},"point_estimate":98172.53328210433,"standard_error":307.1048551568786},"StdDev":{"confidence_interval":{"confidence_level":0.95,"lower_bound":3443.1143324916516,"upper_bound":5961.396941943395},"point_estimate":4702.761884843158,"standard_error":650.6734846896509}}