{"Mean":{"confidence_interval":{"confidence_level":0.95,"lower_bound":95228407.25881404,"upper_bound":95571299.92341083},"point_estimate":95400135.38863535,"standard_error":87303.8020419273},"Median":{"confidence_interval":{"confidence_level":0.95,"lower_bound":95165864.02226028,"upper_bound":95501462.22222222},"point_estimate":95378864.11400929,"standard_error":100952.1677379523},"MedianAbsDev":{"confidence_interval":{"confidence_level":0.95,"lower_bound":570819.4466147597,"upper_bound":897202.428436911},"point_estimate":759703.2171001383,"standard_error":83016.28895362063},"Slope":{"confidence_interval":{"confidence_level":0.95,"lower_bound":95042997.77740304,"upper_bound":95307005.6386732},"point_estimate":95170180.02648145,"standard_error":67384.33545278937},"StdDev":{"confidence_interval":{"confidence_level":0.95,"lower_bound":705979.6512999595,"upper_bound":1029888.4432018284},"point_estimate":874395.2360052273,"standard_error":82566.80547631883}}