{"Mean":{"confidence_interval":{"confidence_level":0.95,"lower_bound":0.0013067471172933285,"upper_bound":0.01857517088609245},"point_estimate":0.009869698065129606,"standard_error":0.0044076680320742825},"Median":{"confidence_interval":{"confidence_level":0.95,"lower_bound":-0.0013397390181424385,"upper_bound":0.015033417097051954},"point_estimate":0.005302288787986109,"standard_error":0.004376981286719971}}