{"Mean":{"confidence_interval":{"confidence_level":0.95,"lower_bound":23574.227558277536,"upper_bound":24470.74720196757},"point_estimate":24029.261792640198,"standard_error":228.30609088546282},"Median":{"confidence_interval":{"confidence_level":0.95,"lower_bound":23761.618217054263,"upper_bound":24833.075169058222},"point_estimate":24356.294330759898,"standard_error":246.30689262350026},"MedianAbsDev":{"confidence_interval":{"confidence_level":0.95,"lower_bound":1511.334356670506,"upper_bound":2574.5723425567667},"point_estimate":2128.2989788180244,"standard_error":282.1246742284978},"Slope":{"confidence_interval":{"confidence_level":0.95,"lower_bound":23541.187328666772,"upper_bound":24399.892434643236},"point_estimate":23969.83794392074,"standard_error":219.6192031132133},"StdDev":{"confidence_interval":{"confidence_level":0.95,"lower_bound":1913.9557686077655,"upper_bound":2622.5442487648033},"point_estimate":2286.6367358314437,"standard_error":180.81097001449177}}