{"Mean":{"confidence_interval":{"confidence_level":0.95,"lower_bound":0.015096959979673365,"upper_bound":0.03832407621095018},"point_estimate":0.026906644426424764,"standard_error":0.0059260256938528585},"Median":{"confidence_interval":{"confidence_level":0.95,"lower_bound":0.01621756967662291,"upper_bound":0.043975441706654905},"point_estimate":0.029898648290546115,"standard_error":0.0068255526653749855}}