{"Mean":{"confidence_interval":{"confidence_level":0.95,"lower_bound":232.46174373508788,"upper_bound":233.48055238413315},"point_estimate":232.87678136905797,"standard_error":0.26664435719305823},"Median":{"confidence_interval":{"confidence_level":0.95,"lower_bound":232.19550521628912,"upper_bound":232.6213839815765},"point_estimate":232.35188083090878,"standard_error":0.1112061295947614},"MedianAbsDev":{"confidence_interval":{"confidence_level":0.95,"lower_bound":0.6846028978364476,"upper_bound":1.173025896797552},"point_estimate":0.9484690777014474,"standard_error":0.1262543568862568},"Slope":{"confidence_interval":{"confidence_level":0.95,"lower_bound":232.45690498377212,"upper_bound":232.9484559402052},"point_estimate":232.6913732789009,"standard_error":0.12600479522529617},"StdDev":{"confidence_interval":{"confidence_level":0.95,"lower_bound":0.8651912987735626,"upper_bound":4.32723455714386},"point_estimate":2.6819945527067994,"standard_error":1.0690893363998233}}