{"Mean":{"confidence_interval":{"confidence_level":0.95,"lower_bound":1795.9462416075964,"upper_bound":1805.522726236327},"point_estimate":1800.0907099567312,"standard_error":2.467877981410012},"Median":{"confidence_interval":{"confidence_level":0.95,"lower_bound":1793.9109366978219,"upper_bound":1798.9137732941012},"point_estimate":1796.2327978415985,"standard_error":1.081541724853352},"MedianAbsDev":{"confidence_interval":{"confidence_level":0.95,"lower_bound":4.9837384202489075,"upper_bound":8.653256600452702},"point_estimate":5.983334572834407,"standard_error":1.0102284787972402},"Slope":{"confidence_interval":{"confidence_level":0.95,"lower_bound":1794.183703572725,"upper_bound":1798.9719407473851},"point_estimate":1796.4876989827683,"standard_error":1.2179244219535785},"StdDev":{"confidence_interval":{"confidence_level":0.95,"lower_bound":9.337512900371623,"upper_bound":37.647106288287226},"point_estimate":24.877210018244597,"standard_error":7.5715764820598155}}