{"Mean":{"confidence_interval":{"confidence_level":0.95,"lower_bound":75967.65678423355,"upper_bound":77135.25656190365},"point_estimate":76497.19119433234,"standard_error":297.7130907346041},"Median":{"confidence_interval":{"confidence_level":0.95,"lower_bound":75936.38101519307,"upper_bound":76495.70745920746},"point_estimate":76257.25883853974,"standard_error":155.12873505118029},"MedianAbsDev":{"confidence_interval":{"confidence_level":0.95,"lower_bound":1197.5737694714594,"upper_bound":2120.7120626486853},"point_estimate":1577.2232608131628,"standard_error":225.20114797512974},"Slope":{"confidence_interval":{"confidence_level":0.95,"lower_bound":75951.57627444401,"upper_bound":76569.58999371126},"point_estimate":76252.63606438486,"standard_error":157.2929732043581},"StdDev":{"confidence_interval":{"confidence_level":0.95,"lower_bound":1715.2494471723617,"upper_bound":4387.967464179522},"point_estimate":2985.0994167309536,"standard_error":778.4203173006332}}