{"Mean":{"confidence_interval":{"confidence_level":0.95,"lower_bound":1038.5376626473158,"upper_bound":1043.2469862545431},"point_estimate":1040.4899282597376,"standard_error":1.2263026818380445},"Median":{"confidence_interval":{"confidence_level":0.95,"lower_bound":1037.1711749576411,"upper_bound":1038.3164248159833},"point_estimate":1037.3962987975524,"standard_error":0.27836503152606945},"MedianAbsDev":{"confidence_interval":{"confidence_level":0.95,"lower_bound":1.2754726764063522,"upper_bound":3.03945076780549},"point_estimate":2.1080830932170067,"standard_error":0.4387724622033554},"Slope":{"confidence_interval":{"confidence_level":0.95,"lower_bound":1038.4028912236104,"upper_bound":1039.8697238373952},"point_estimate":1039.1092349229273,"standard_error":0.37450709940466964},"StdDev":{"confidence_interval":{"confidence_level":0.95,"lower_bound":3.192844209124191,"upper_bound":19.383092685258234},"point_estimate":12.278846136126049,"standard_error":4.4301733550163425}}