{"Mean":{"confidence_interval":{"confidence_level":0.95,"lower_bound":0.8114369802852145,"upper_bound":0.8244377033363497},"point_estimate":0.8175803117116585,"standard_error":0.003285227949710179},"Median":{"confidence_interval":{"confidence_level":0.95,"lower_bound":0.816097550669943,"upper_bound":0.8171826873530101},"point_estimate":0.81678633242716,"standard_error":0.0003858657390532886}}