{"Mean":{"confidence_interval":{"confidence_level":0.95,"lower_bound":39961366.333797485,"upper_bound":40083916.37061713},"point_estimate":40024706.30017704,"standard_error":31197.86072706692},"Median":{"confidence_interval":{"confidence_level":0.95,"lower_bound":39983986.63636363,"upper_bound":40098613.81262459},"point_estimate":40033225.40789474,"standard_error":29256.01871241997},"MedianAbsDev":{"confidence_interval":{"confidence_level":0.95,"lower_bound":189666.61647911093,"upper_bound":340620.5707506735},"point_estimate":272858.6316080036,"standard_error":37864.24535715754},"Slope":{"confidence_interval":{"confidence_level":0.95,"lower_bound":39982855.257474236,"upper_bound":40084759.75158424},"point_estimate":40033904.22648441,"standard_error":26035.104239183172},"StdDev":{"confidence_interval":{"confidence_level":0.95,"lower_bound":237740.4296361446,"upper_bound":395864.95926109934},"point_estimate":312947.7283927732,"standard_error":41281.689022694845}}