{"Mean":{"confidence_interval":{"confidence_level":0.95,"lower_bound":0.8755138212264549,"upper_bound":0.8837497895956921},"point_estimate":0.8789532966663005,"standard_error":0.002124163626608952},"Median":{"confidence_interval":{"confidence_level":0.95,"lower_bound":0.8749004109486058,"upper_bound":0.879819185908107},"point_estimate":0.8779426281410347,"standard_error":0.001305608365265099}}