{"Mean":{"confidence_interval":{"confidence_level":0.95,"lower_bound":2526736.391425114,"upper_bound":2566107.1698953896},"point_estimate":2548528.2072245753,"standard_error":10060.79037356729},"Median":{"confidence_interval":{"confidence_level":0.95,"lower_bound":2536906.388888889,"upper_bound":2562476.2678571427},"point_estimate":2552358.4025252527,"standard_error":6594.5099563504355},"MedianAbsDev":{"confidence_interval":{"confidence_level":0.95,"lower_bound":41163.30921238679,"upper_bound":70024.9904817952},"point_estimate":55197.33396014074,"standard_error":7319.192387426385},"Slope":{"confidence_interval":{"confidence_level":0.95,"lower_bound":2533791.9723467724,"upper_bound":2552015.8725487827},"point_estimate":2542780.140209842,"standard_error":4641.884305188346},"StdDev":{"confidence_interval":{"confidence_level":0.95,"lower_bound":56177.00642947719,"upper_bound":151044.45217150272},"point_estimate":100957.76553921658,"standard_error":29025.11839150372}}