{"Mean":{"confidence_interval":{"confidence_level":0.95,"lower_bound":-0.021384662388951144,"upper_bound":0.023178959998704177},"point_estimate":0.0008718028050556104,"standard_error":0.011354951495750696},"Median":{"confidence_interval":{"confidence_level":0.95,"lower_bound":-0.013352513460131672,"upper_bound":0.0238812404909996},"point_estimate":0.003840647981614431,"standard_error":0.009347509711125064}}