{"Mean":{"confidence_interval":{"confidence_level":0.95,"lower_bound":0.14818317062947114,"upper_bound":0.1881846500443466},"point_estimate":0.16800519698455396,"standard_error":0.010228966821153571},"Median":{"confidence_interval":{"confidence_level":0.95,"lower_bound":0.1502305359059879,"upper_bound":0.18149810985738385},"point_estimate":0.1638710220649433,"standard_error":0.0077823177073331265}}