{"Mean":{"confidence_interval":{"confidence_level":0.95,"lower_bound":0.04160479442590029,"upper_bound":0.08150298835548714},"point_estimate":0.06135118523601202,"standard_error":0.010286377601645733},"Median":{"confidence_interval":{"confidence_level":0.95,"lower_bound":0.04551805653811525,"upper_bound":0.0799676711844608},"point_estimate":0.06310888664005865,"standard_error":0.008861571856224668}}