{"Mean":{"confidence_interval":{"confidence_level":0.95,"lower_bound":-0.038382381645772894,"upper_bound":-0.031086455404192883},"point_estimate":-0.034915594157135965,"standard_error":0.0018451389966023767},"Median":{"confidence_interval":{"confidence_level":0.95,"lower_bound":-0.03819359792341537,"upper_bound":-0.03584728181075214},"point_estimate":-0.03738512336664446,"standard_error":0.0006106194222708478}}