{"Mean":{"confidence_interval":{"confidence_level":0.95,"lower_bound":-0.04019048336529898,"upper_bound":0.011856857890125517},"point_estimate":-0.014358080718234745,"standard_error":0.013349905908546757},"Median":{"confidence_interval":{"confidence_level":0.95,"lower_bound":-0.05478159791690357,"upper_bound":0.0013815109784398594},"point_estimate":-0.031443417668037155,"standard_error":0.014091357730208986}}