{"Mean":{"confidence_interval":{"confidence_level":0.95,"lower_bound":270911.91424917825,"upper_bound":274201.06340959144},"point_estimate":272606.50795224146,"standard_error":836.9130264027384},"Median":{"confidence_interval":{"confidence_level":0.95,"lower_bound":271971.4224137931,"upper_bound":275128.92471590906},"point_estimate":274018.9813888889,"standard_error":707.7909306991753},"MedianAbsDev":{"confidence_interval":{"confidence_level":0.95,"lower_bound":4963.4513398026465,"upper_bound":8879.396926396998},"point_estimate":7080.259956300226,"standard_error":924.1127574827401},"Slope":{"confidence_interval":{"confidence_level":0.95,"lower_bound":271957.29993130814,"upper_bound":274371.33518838877},"point_estimate":273200.17632702825,"standard_error":614.0949982179573},"StdDev":{"confidence_interval":{"confidence_level":0.95,"lower_bound":6540.017208796018,"upper_bound":10248.28945158749},"point_estimate":8430.677899021666,"standard_error":953.2872836304241}}