{"Mean":{"confidence_interval":{"confidence_level":0.95,"lower_bound":118614.79350484567,"upper_bound":120989.09310465948},"point_estimate":119777.8810684875,"standard_error":605.7554440467364},"Median":{"confidence_interval":{"confidence_level":0.95,"lower_bound":119222.71317829458,"upper_bound":120787.9511111111},"point_estimate":119872.48012687085,"standard_error":413.72928077502115},"MedianAbsDev":{"confidence_interval":{"confidence_level":0.95,"lower_bound":3066.2574978701105,"upper_bound":5648.1700397326595},"point_estimate":4470.081975905966,"standard_error":635.5443247448159},"Slope":{"confidence_interval":{"confidence_level":0.95,"lower_bound":118314.38346174722,"upper_bound":120211.13298029386},"point_estimate":119265.67436283927,"standard_error":483.7130217768471},"StdDev":{"confidence_interval":{"confidence_level":0.95,"lower_bound":4434.793461852404,"upper_bound":7712.420145751015},"point_estimate":6089.748313787716,"standard_error":843.0960228831931}}