{"Mean":{"confidence_interval":{"confidence_level":0.95,"lower_bound":-0.00107614083562634,"upper_bound":0.019564846411172926},"point_estimate":0.008997021172749253,"standard_error":0.005263560473839849},"Median":{"confidence_interval":{"confidence_level":0.95,"lower_bound":-0.008167565979489755,"upper_bound":0.016468665235754885},"point_estimate":0.006049874825732937,"standard_error":0.006625458861853361}}