{"Mean":{"confidence_interval":{"confidence_level":0.95,"lower_bound":29935.912063700154,"upper_bound":30524.61099182596},"point_estimate":30234.69762969306,"standard_error":150.76635800168432},"Median":{"confidence_interval":{"confidence_level":0.95,"lower_bound":29991.002645502645,"upper_bound":30719.212554112553},"point_estimate":30294.624405343762,"standard_error":156.58798760739478},"MedianAbsDev":{"confidence_interval":{"confidence_level":0.95,"lower_bound":1015.7269956036037,"upper_bound":1688.8990921050863},"point_estimate":1293.1710846173794,"standard_error":175.71475770817042},"Slope":{"confidence_interval":{"confidence_level":0.95,"lower_bound":30030.045015143376,"upper_bound":30582.366628358166},"point_estimate":30304.075752739453,"standard_error":140.7763146480432},"StdDev":{"confidence_interval":{"confidence_level":0.95,"lower_bound":1244.9206729933967,"upper_bound":1769.1336925839767},"point_estimate":1511.4554199371316,"standard_error":134.06743454925132}}