{"Mean":{"confidence_interval":{"confidence_level":0.95,"lower_bound":-0.001025948025633283,"upper_bound":0.01368002329225067},"point_estimate":0.006126100841563842,"standard_error":0.0037640147259547434},"Median":{"confidence_interval":{"confidence_level":0.95,"lower_bound":-0.003034482807784067,"upper_bound":0.014761949375663885},"point_estimate":0.00500895943698354,"standard_error":0.0046596618960267865}}