{"Mean":{"confidence_interval":{"confidence_level":0.95,"lower_bound":982841.5668699185,"upper_bound":992478.0595041565},"point_estimate":987822.9647828134,"standard_error":2458.1770954211142},"Median":{"confidence_interval":{"confidence_level":0.95,"lower_bound":983762.8812316715,"upper_bound":993890.7647058824},"point_estimate":987978.3932216906,"standard_error":2578.6644172016663},"MedianAbsDev":{"confidence_interval":{"confidence_level":0.95,"lower_bound":14228.121959352735,"upper_bound":21123.67322250034},"point_estimate":17466.44667249633,"standard_error":1742.062050561879},"Slope":{"confidence_interval":{"confidence_level":0.95,"lower_bound":987423.7199400446,"upper_bound":993352.1534074523},"point_estimate":990408.6895345057,"standard_error":1516.9263390447713},"StdDev":{"confidence_interval":{"confidence_level":0.95,"lower_bound":17656.649045618324,"upper_bound":32451.30264634816},"point_estimate":24750.599041501384,"standard_error":3923.4153066961157}}