{"Mean":{"confidence_interval":{"confidence_level":0.95,"lower_bound":85496.61403094853,"upper_bound":85941.94179191286},"point_estimate":85693.48027490446,"standard_error":114.77277713926567},"Median":{"confidence_interval":{"confidence_level":0.95,"lower_bound":85291.45583333333,"upper_bound":85530.82899213504},"point_estimate":85413.61765043112,"standard_error":58.27945690604908},"MedianAbsDev":{"confidence_interval":{"confidence_level":0.95,"lower_bound":228.13016297020945,"upper_bound":455.82598913115635},"point_estimate":397.9790999418982,"standard_error":54.91782623217265},"Slope":{"confidence_interval":{"confidence_level":0.95,"lower_bound":85416.03596692324,"upper_bound":85600.47270339316},"point_estimate":85498.6044313088,"standard_error":47.42434735048634},"StdDev":{"confidence_interval":{"confidence_level":0.95,"lower_bound":478.6915449444791,"upper_bound":1708.6560152239183},"point_estimate":1157.3451449392069,"standard_error":320.0908044607421}}