{"Mean":{"confidence_interval":{"confidence_level":0.95,"lower_bound":80908.29202668137,"upper_bound":81985.40945780912},"point_estimate":81452.95694862139,"standard_error":274.6303822947951},"Median":{"confidence_interval":{"confidence_level":0.95,"lower_bound":81345.52236135957,"upper_bound":82255.93011291634},"point_estimate":81738.12830634278,"standard_error":220.19491796238847},"MedianAbsDev":{"confidence_interval":{"confidence_level":0.95,"lower_bound":1972.6345480075827,"upper_bound":3054.059714960102},"point_estimate":2494.906623459586,"standard_error":280.91668572156607},"Slope":{"confidence_interval":{"confidence_level":0.95,"lower_bound":81228.99870347313,"upper_bound":82179.91602488463},"point_estimate":81709.61132555046,"standard_error":242.1187177036709},"StdDev":{"confidence_interval":{"confidence_level":0.95,"lower_bound":2265.9047697872884,"upper_bound":3219.108819265374},"point_estimate":2762.947569961181,"standard_error":243.18770465863403}}