{"Mean":{"confidence_interval":{"confidence_level":0.95,"lower_bound":1460688.0528329469,"upper_bound":1466801.6872907113},"point_estimate":1463333.3478889922,"standard_error":1584.2434463301202},"Median":{"confidence_interval":{"confidence_level":0.95,"lower_bound":1457243.6555555556,"upper_bound":1462097.8363636364},"point_estimate":1459596.5016666667,"standard_error":1236.870439096624},"MedianAbsDev":{"confidence_interval":{"confidence_level":0.95,"lower_bound":3928.894080864057,"upper_bound":7734.3671404650695},"point_estimate":5372.71920861514,"standard_error":926.3405645179342},"Slope":{"confidence_interval":{"confidence_level":0.95,"lower_bound":1458853.491693077,"upper_bound":1462046.27739133},"point_estimate":1460419.1174878085,"standard_error":815.700655573158},"StdDev":{"confidence_interval":{"confidence_level":0.95,"lower_bound":7369.579049330178,"upper_bound":24400.391455252167},"point_estimate":15927.479820794206,"standard_error":5078.892453485223}}