{"Mean":{"confidence_interval":{"confidence_level":0.95,"lower_bound":722397.5838105079,"upper_bound":745865.005887124},"point_estimate":734618.8445524522,"standard_error":5983.2252791933415},"Median":{"confidence_interval":{"confidence_level":0.95,"lower_bound":725341.6972114765,"upper_bound":746544.1571428571},"point_estimate":731498.9366213684,"standard_error":6267.561964590377},"MedianAbsDev":{"confidence_interval":{"confidence_level":0.95,"lower_bound":28114.20349570745,"upper_bound":46975.99937481132},"point_estimate":35853.30669140852,"standard_error":5080.19785708679},"Slope":{"confidence_interval":{"confidence_level":0.95,"lower_bound":730489.8371323568,"upper_bound":744826.0972912752},"point_estimate":737446.8710831979,"standard_error":3650.626754963808},"StdDev":{"confidence_interval":{"confidence_level":0.95,"lower_bound":39910.83668983557,"upper_bound":80836.37651475793},"point_estimate":60286.713429135234,"standard_error":10741.685182224182}}