{"Mean":{"confidence_interval":{"confidence_level":0.95,"lower_bound":84275.00626654766,"upper_bound":86415.83459672402},"point_estimate":85356.46544554159,"standard_error":546.815915580044},"Median":{"confidence_interval":{"confidence_level":0.95,"lower_bound":83808.44493464052,"upper_bound":86654.98062015504},"point_estimate":85877.77724358975,"standard_error":746.7976711886578},"MedianAbsDev":{"confidence_interval":{"confidence_level":0.95,"lower_bound":3638.165524761616,"upper_bound":5437.371408341585},"point_estimate":4558.675903225031,"standard_error":441.64645612726946},"Slope":{"confidence_interval":{"confidence_level":0.95,"lower_bound":84883.86028009246,"upper_bound":86623.49515817814},"point_estimate":85748.65145854883,"standard_error":444.1627346156572},"StdDev":{"confidence_interval":{"confidence_level":0.95,"lower_bound":4305.28726091058,"upper_bound":6628.7395214801},"point_estimate":5472.99427039603,"standard_error":597.0410526255324}}