{"Mean":{"confidence_interval":{"confidence_level":0.95,"lower_bound":76592.74915258822,"upper_bound":77550.3582749389},"point_estimate":77095.24770382064,"standard_error":244.70027376826957},"Median":{"confidence_interval":{"confidence_level":0.95,"lower_bound":76954.42970822281,"upper_bound":77606.81108597285},"point_estimate":77267.11665257819,"standard_error":167.8366256905115},"MedianAbsDev":{"confidence_interval":{"confidence_level":0.95,"lower_bound":1097.923063892588,"upper_bound":1840.4621708910836},"point_estimate":1406.4354502252465,"standard_error":182.63228711338806},"Slope":{"confidence_interval":{"confidence_level":0.95,"lower_bound":77053.57615683916,"upper_bound":77650.9789607738},"point_estimate":77348.42407088699,"standard_error":152.0517407202857},"StdDev":{"confidence_interval":{"confidence_level":0.95,"lower_bound":1643.6993687065615,"upper_bound":3227.505580669261},"point_estimate":2462.3859081702676,"standard_error":408.33206131663127}}