{"Mean":{"confidence_interval":{"confidence_level":0.95,"lower_bound":591483.3900150347,"upper_bound":600855.4849097114},"point_estimate":596247.2011982887,"standard_error":2390.6902345910407},"Median":{"confidence_interval":{"confidence_level":0.95,"lower_bound":592157.5919051878,"upper_bound":604431.9495192308},"point_estimate":597415.8426573427,"standard_error":3120.638190043532},"MedianAbsDev":{"confidence_interval":{"confidence_level":0.95,"lower_bound":16964.926652890466,"upper_bound":26468.728425032732},"point_estimate":21634.15441341695,"standard_error":2468.337971826103},"Slope":{"confidence_interval":{"confidence_level":0.95,"lower_bound":593834.6641829622,"upper_bound":602774.3794984176},"point_estimate":598307.2010861534,"standard_error":2287.4952675562754},"StdDev":{"confidence_interval":{"confidence_level":0.95,"lower_bound":18811.054724637008,"upper_bound":29405.970222786385},"point_estimate":23921.730606041598,"standard_error":2746.8031208993652}}