{"Mean":{"confidence_interval":{"confidence_level":0.95,"lower_bound":857165.2120359599,"upper_bound":860393.0247926768},"point_estimate":858463.110967361,"standard_error":851.1792544282443},"Median":{"confidence_interval":{"confidence_level":0.95,"lower_bound":855908.8898809524,"upper_bound":857142.661111111},"point_estimate":856803.7143831169,"standard_error":395.0853954084162},"MedianAbsDev":{"confidence_interval":{"confidence_level":0.95,"lower_bound":512.5074917707818,"upper_bound":2039.298362432901},"point_estimate":1606.870570782132,"standard_error":442.2660989425587},"Slope":{"confidence_interval":{"confidence_level":0.95,"lower_bound":856929.5913590745,"upper_bound":858056.8810132794},"point_estimate":857444.2161090587,"standard_error":289.00065843043626},"StdDev":{"confidence_interval":{"confidence_level":0.95,"lower_bound":2406.603889018468,"upper_bound":13859.373453716868},"point_estimate":8537.097772064893,"standard_error":3523.442692334534}}