{"Mean":{"confidence_interval":{"confidence_level":0.95,"lower_bound":1014914.8325552893,"upper_bound":1028353.4276122408},"point_estimate":1021229.1291311771,"standard_error":3439.2901862869744},"Median":{"confidence_interval":{"confidence_level":0.95,"lower_bound":1013155.1703764321,"upper_bound":1025432.198275862},"point_estimate":1018550.6968599034,"standard_error":3280.7298123490255},"MedianAbsDev":{"confidence_interval":{"confidence_level":0.95,"lower_bound":17779.71064713501,"upper_bound":28981.054306848022},"point_estimate":23825.233317017588,"standard_error":2836.929135207911},"Slope":{"confidence_interval":{"confidence_level":0.95,"lower_bound":1013142.426969934,"upper_bound":1020799.9242446246},"point_estimate":1016982.3715590365,"standard_error":1950.548862074179},"StdDev":{"confidence_interval":{"confidence_level":0.95,"lower_bound":22683.532651044934,"upper_bound":46887.39008578389},"point_estimate":34467.36807372938,"standard_error":6439.350765826176}}