{"Mean":{"confidence_interval":{"confidence_level":0.95,"lower_bound":895476.7934750714,"upper_bound":904119.6030661803},"point_estimate":899774.0756398157,"standard_error":2200.7387315941046},"Median":{"confidence_interval":{"confidence_level":0.95,"lower_bound":892757.5846153846,"upper_bound":901800.75},"point_estimate":897203.7,"standard_error":2235.7135926333044},"MedianAbsDev":{"confidence_interval":{"confidence_level":0.95,"lower_bound":13868.756636911588,"upper_bound":26363.98809194564},"point_estimate":18935.665488264916,"standard_error":3268.536511832781},"Slope":{"confidence_interval":{"confidence_level":0.95,"lower_bound":895705.1894997022,"upper_bound":904642.4310757649},"point_estimate":900047.4343919018,"standard_error":2280.200143190037},"StdDev":{"confidence_interval":{"confidence_level":0.95,"lower_bound":18840.18229722645,"upper_bound":25125.722681822946},"point_estimate":22146.887287501526,"standard_error":1606.5317675957876}}