{"Mean":{"confidence_interval":{"confidence_level":0.95,"lower_bound":562192.4586626054,"upper_bound":574040.3939341771},"point_estimate":567813.6029326151,"standard_error":3000.724004811774},"Median":{"confidence_interval":{"confidence_level":0.95,"lower_bound":560665.6851553046,"upper_bound":571265.723076923},"point_estimate":565660.1935028248,"standard_error":2762.1590450922718},"MedianAbsDev":{"confidence_interval":{"confidence_level":0.95,"lower_bound":14530.99411202329,"upper_bound":24202.576546933036},"point_estimate":18634.519110128578,"standard_error":2454.2602252363995},"Slope":{"confidence_interval":{"confidence_level":0.95,"lower_bound":562484.6245580802,"upper_bound":569983.3649606288},"point_estimate":566229.5510137432,"standard_error":1914.640201000325},"StdDev":{"confidence_interval":{"confidence_level":0.95,"lower_bound":20147.598812349675,"upper_bound":41088.38084367224},"point_estimate":30085.371029898204,"standard_error":5658.212904260862}}