{"Mean":{"confidence_interval":{"confidence_level":0.95,"lower_bound":77091.4872396523,"upper_bound":78424.66670873496},"point_estimate":77677.88068642742,"standard_error":342.44036332634664},"Median":{"confidence_interval":{"confidence_level":0.95,"lower_bound":76869.17908317174,"upper_bound":77698.0469043152},"point_estimate":77286.79798021662,"standard_error":241.37270976036982},"MedianAbsDev":{"confidence_interval":{"confidence_level":0.95,"lower_bound":1276.6832099876656,"upper_bound":2155.9262268517377},"point_estimate":1757.707499633933,"standard_error":228.01652075936147},"Slope":{"confidence_interval":{"confidence_level":0.95,"lower_bound":77159.05997893488,"upper_bound":77900.34070053697},"point_estimate":77528.63662161394,"standard_error":188.9823126726463},"StdDev":{"confidence_interval":{"confidence_level":0.95,"lower_bound":1780.7215381912802,"upper_bound":5217.476435305608},"point_estimate":3442.1085511926294,"standard_error":1052.840078667601}}