{"Mean":{"confidence_interval":{"confidence_level":0.95,"lower_bound":0.6727914707430065,"upper_bound":0.6849625353095629},"point_estimate":0.6788370605925531,"standard_error":0.003066815663052371},"Median":{"confidence_interval":{"confidence_level":0.95,"lower_bound":0.675946432809303,"upper_bound":0.6810106628341797},"point_estimate":0.6770579997451043,"standard_error":0.0016437011204466713}}