{"Mean":{"confidence_interval":{"confidence_level":0.95,"lower_bound":0.016868073377568217,"upper_bound":0.04458181547375694},"point_estimate":0.030516213364890854,"standard_error":0.007072203778355372},"Median":{"confidence_interval":{"confidence_level":0.95,"lower_bound":0.011959056738670037,"upper_bound":0.04073455063825677},"point_estimate":0.02663956642799148,"standard_error":0.007454035930314502}}