{"Mean":{"confidence_interval":{"confidence_level":0.95,"lower_bound":-0.00320602712443237,"upper_bound":0.01263353667672255},"point_estimate":0.004371619106102287,"standard_error":0.003996604077999548},"Median":{"confidence_interval":{"confidence_level":0.95,"lower_bound":-0.004702681388946139,"upper_bound":0.008832528957802399},"point_estimate":0.0023819740650887766,"standard_error":0.003444984241278423}}