{"Mean":{"confidence_interval":{"confidence_level":0.95,"lower_bound":-0.04665744497748095,"upper_bound":-0.019104873386262895},"point_estimate":-0.033047620773898556,"standard_error":0.006984552528903742},"Median":{"confidence_interval":{"confidence_level":0.95,"lower_bound":-0.041462153713185734,"upper_bound":-0.02191684234410718},"point_estimate":-0.03211116912893264,"standard_error":0.005275346558282611}}