{"Mean":{"confidence_interval":{"confidence_level":0.95,"lower_bound":-0.010653217912198632,"upper_bound":0.019023616599936254},"point_estimate":0.0033780019849871668,"standard_error":0.007590082876065361},"Median":{"confidence_interval":{"confidence_level":0.95,"lower_bound":-0.010781255794837685,"upper_bound":0.016162168022926027},"point_estimate":0.0032940801579290913,"standard_error":0.007033884831455364}}