{"Mean":{"confidence_interval":{"confidence_level":0.95,"lower_bound":-0.0004788393333139067,"upper_bound":0.02616780872633848},"point_estimate":0.01245748923329626,"standard_error":0.006807645207857773},"Median":{"confidence_interval":{"confidence_level":0.95,"lower_bound":-0.010198618600370857,"upper_bound":0.016419508024029694},"point_estimate":0.0013937181419343414,"standard_error":0.006505100971081874}}