{"Mean":{"confidence_interval":{"confidence_level":0.95,"lower_bound":99007.74071470305,"upper_bound":100425.77136204595},"point_estimate":99727.4741090991,"standard_error":361.7220499093088},"Median":{"confidence_interval":{"confidence_level":0.95,"lower_bound":99431.09583333334,"upper_bound":100737.0275},"point_estimate":100212.45615942028,"standard_error":390.38322504942835},"MedianAbsDev":{"confidence_interval":{"confidence_level":0.95,"lower_bound":1964.1751493690501,"upper_bound":3801.808833607047},"point_estimate":2854.860857436493,"standard_error":470.2371121227361},"Slope":{"confidence_interval":{"confidence_level":0.95,"lower_bound":99587.11796316945,"upper_bound":100854.69168939044},"point_estimate":100223.17982148663,"standard_error":323.48420557398146},"StdDev":{"confidence_interval":{"confidence_level":0.95,"lower_bound":2993.4404565730906,"upper_bound":4236.81479895552},"point_estimate":3637.9206559741833,"standard_error":317.44600264296344}}