{"Mean":{"confidence_interval":{"confidence_level":0.95,"lower_bound":306696.56668803626,"upper_bound":310637.44530281326},"point_estimate":308599.7406396643,"standard_error":1003.0265029367046},"Median":{"confidence_interval":{"confidence_level":0.95,"lower_bound":307194.825,"upper_bound":309989.5111354509},"point_estimate":308450.5244252874,"standard_error":747.9160922520197},"MedianAbsDev":{"confidence_interval":{"confidence_level":0.95,"lower_bound":4150.806977218663,"upper_bound":7219.760225729881},"point_estimate":5839.924148586259,"standard_error":792.3265860930254},"Slope":{"confidence_interval":{"confidence_level":0.95,"lower_bound":308271.7349380814,"upper_bound":310194.1823449411},"point_estimate":309242.3229303975,"standard_error":489.5978765509957},"StdDev":{"confidence_interval":{"confidence_level":0.95,"lower_bound":6301.839655123235,"upper_bound":13684.031549774832},"point_estimate":10032.459989708319,"standard_error":1925.970181255192}}