{"Mean":{"confidence_interval":{"confidence_level":0.95,"lower_bound":3215983.7396360384,"upper_bound":3259661.0526230955},"point_estimate":3237071.4733977355,"standard_error":11142.607892207765},"Median":{"confidence_interval":{"confidence_level":0.95,"lower_bound":3207331.883116883,"upper_bound":3238973.5658032447},"point_estimate":3222298.9756944445,"standard_error":9029.440907082238},"MedianAbsDev":{"confidence_interval":{"confidence_level":0.95,"lower_bound":65755.52665195562,"upper_bound":109744.27443533037},"point_estimate":85706.30869166653,"standard_error":11356.07050732061},"Slope":{"confidence_interval":{"confidence_level":0.95,"lower_bound":3231737.456859103,"upper_bound":3268609.799474193},"point_estimate":3250547.268438008,"standard_error":9385.851136015064},"StdDev":{"confidence_interval":{"confidence_level":0.95,"lower_bound":82062.790593128,"upper_bound":140957.74981131766},"point_estimate":111888.84407866797,"standard_error":15182.45479767293}}