{"Mean":{"confidence_interval":{"confidence_level":0.95,"lower_bound":-0.007935147134519484,"upper_bound":0.006547258454471122},"point_estimate":-0.0007287506696996848,"standard_error":0.003700617324961581},"Median":{"confidence_interval":{"confidence_level":0.95,"lower_bound":-0.006386678158930459,"upper_bound":0.006349484816480455},"point_estimate":0.000916469617821658,"standard_error":0.0033158767016528497}}