{"Mean":{"confidence_interval":{"confidence_level":0.95,"lower_bound":0.39586429191257344,"upper_bound":0.46302193026296823},"point_estimate":0.43040998917660667,"standard_error":0.01716783954294181},"Median":{"confidence_interval":{"confidence_level":0.95,"lower_bound":0.38250513387690255,"upper_bound":0.47682443542534636},"point_estimate":0.42648326281685867,"standard_error":0.022940377119694124}}