{"Mean":{"confidence_interval":{"confidence_level":0.95,"lower_bound":132419.07598258494,"upper_bound":133026.1669118893},"point_estimate":132681.08325153962,"standard_error":157.32049733765427},"Median":{"confidence_interval":{"confidence_level":0.95,"lower_bound":132168.26617647058,"upper_bound":132451.053125},"point_estimate":132277.7795978943,"standard_error":84.68132475258348},"MedianAbsDev":{"confidence_interval":{"confidence_level":0.95,"lower_bound":386.5759980636968,"upper_bound":710.8961485299637},"point_estimate":526.8672190363866,"standard_error":87.39715746441375},"Slope":{"confidence_interval":{"confidence_level":0.95,"lower_bound":132336.0114637207,"upper_bound":132671.61709311703},"point_estimate":132485.5603265849,"standard_error":86.1046219666977},"StdDev":{"confidence_interval":{"confidence_level":0.95,"lower_bound":603.6183936208948,"upper_bound":2427.7014005944325},"point_estimate":1581.1997151398002,"standard_error":498.94341826927445}}