{"Mean":{"confidence_interval":{"confidence_level":0.95,"lower_bound":26943.952926312533,"upper_bound":27813.54451207938},"point_estimate":27379.910104343413,"standard_error":221.98803021980663},"Median":{"confidence_interval":{"confidence_level":0.95,"lower_bound":26929.59868959869,"upper_bound":28000.012344259154},"point_estimate":27716.066328996654,"standard_error":231.08055457994632},"MedianAbsDev":{"confidence_interval":{"confidence_level":0.95,"lower_bound":1567.7672008515165,"upper_bound":2694.3066390916033},"point_estimate":2094.7362087151396,"standard_error":295.00883495020776},"Slope":{"confidence_interval":{"confidence_level":0.95,"lower_bound":26694.872503803745,"upper_bound":27654.51276564894},"point_estimate":27189.16580799508,"standard_error":244.68878630621128},"StdDev":{"confidence_interval":{"confidence_level":0.95,"lower_bound":1895.9847082706178,"upper_bound":2540.954289049177},"point_estimate":2230.904973730219,"standard_error":164.3279855570564}}