{"Mean":{"confidence_interval":{"confidence_level":0.95,"lower_bound":370391.5078754016,"upper_bound":376837.89449457725},"point_estimate":373664.76906849066,"standard_error":1647.0542596170483},"Median":{"confidence_interval":{"confidence_level":0.95,"lower_bound":370902.7083333333,"upper_bound":378266.9377289377},"point_estimate":374789.6567826863,"standard_error":1735.3714635177228},"MedianAbsDev":{"confidence_interval":{"confidence_level":0.95,"lower_bound":10495.839630934346,"upper_bound":15892.77655110003},"point_estimate":12491.599746979773,"standard_error":1387.4197601418148},"Slope":{"confidence_interval":{"confidence_level":0.95,"lower_bound":371154.1404896401,"upper_bound":376986.3547437754},"point_estimate":374249.6057031673,"standard_error":1491.4399175568578},"StdDev":{"confidence_interval":{"confidence_level":0.95,"lower_bound":13249.880978288527,"upper_bound":19713.37689299432},"point_estimate":16616.805916177305,"standard_error":1652.95151708694}}