{"Mean":{"confidence_interval":{"confidence_level":0.95,"lower_bound":-0.01453908060876101,"upper_bound":-0.008851036023156367},"point_estimate":-0.011387056024204756,"standard_error":0.0014636828526503592},"Median":{"confidence_interval":{"confidence_level":0.95,"lower_bound":-0.011411962433417194,"upper_bound":-0.008620528348267209},"point_estimate":-0.00928393606837008,"standard_error":0.0007482143268222321}}