{"Mean":{"confidence_interval":{"confidence_level":0.95,"lower_bound":-0.012621511779445,"upper_bound":0.008611170513022962},"point_estimate":-0.0020964776595554513,"standard_error":0.0053718728855889275},"Median":{"confidence_interval":{"confidence_level":0.95,"lower_bound":0.0003359600858425793,"upper_bound":0.0163471964108496},"point_estimate":0.008057523720067294,"standard_error":0.00397965097399015}}