{"Mean":{"confidence_interval":{"confidence_level":0.95,"lower_bound":5139714.34396221,"upper_bound":5185740.0978408},"point_estimate":5163507.328867732,"standard_error":11714.491414062235},"Median":{"confidence_interval":{"confidence_level":0.95,"lower_bound":5140908.641791045,"upper_bound":5199606.578947368},"point_estimate":5177933.0331043955,"standard_error":16792.66745425313},"MedianAbsDev":{"confidence_interval":{"confidence_level":0.95,"lower_bound":78188.48923553065,"upper_bound":120790.77707132447},"point_estimate":97655.16009725237,"standard_error":10452.508970892693},"Slope":{"confidence_interval":{"confidence_level":0.95,"lower_bound":5142627.2885199115,"upper_bound":5180274.434752062},"point_estimate":5161236.861445249,"standard_error":9580.210938192256},"StdDev":{"confidence_interval":{"confidence_level":0.95,"lower_bound":89240.19977058568,"upper_bound":150459.6190431258},"point_estimate":117716.01704626645,"standard_error":16416.36105510536}}