{"Mean":{"confidence_interval":{"confidence_level":0.95,"lower_bound":90265.30529483366,"upper_bound":91800.56974049917},"point_estimate":91033.053491322,"standard_error":391.7203497263509},"Median":{"confidence_interval":{"confidence_level":0.95,"lower_bound":90059.81766233766,"upper_bound":91923.5303030303},"point_estimate":90736.94791666666,"standard_error":480.5990219894938},"MedianAbsDev":{"confidence_interval":{"confidence_level":0.95,"lower_bound":2458.995950662288,"upper_bound":4189.492890109696},"point_estimate":3110.8093526793,"standard_error":439.2120451818464},"Slope":{"confidence_interval":{"confidence_level":0.95,"lower_bound":90125.22410744108,"upper_bound":91446.78118294795},"point_estimate":90775.80401870038,"standard_error":336.70335793691464},"StdDev":{"confidence_interval":{"confidence_level":0.95,"lower_bound":3195.052118918717,"upper_bound":4652.213661723779},"point_estimate":3935.052795503431,"standard_error":373.1019733921531}}