{"Mean":{"confidence_interval":{"confidence_level":0.95,"lower_bound":7482086.348985244,"upper_bound":7576097.592664165},"point_estimate":7536032.097860044,"standard_error":24182.43415262989},"Median":{"confidence_interval":{"confidence_level":0.95,"lower_bound":7532845.615384615,"upper_bound":7594498.378787879},"point_estimate":7555928.37104811,"standard_error":16542.534804136532},"MedianAbsDev":{"confidence_interval":{"confidence_level":0.95,"lower_bound":78877.38213536088,"upper_bound":126161.00136173282},"point_estimate":102367.73420783116,"standard_error":12206.188537813972},"Slope":{"confidence_interval":{"confidence_level":0.95,"lower_bound":7562461.478275828,"upper_bound":7598720.485101448},"point_estimate":7581044.175758829,"standard_error":9214.498580304407},"StdDev":{"confidence_interval":{"confidence_level":0.95,"lower_bound":104520.94294394531,"upper_bound":379133.76717976975},"point_estimate":242352.97181924485,"standard_error":83074.85209266345}}