{"Mean":{"confidence_interval":{"confidence_level":0.95,"lower_bound":45484.93675994471,"upper_bound":46543.00040488353},"point_estimate":46004.38085422888,"standard_error":270.0218350905036},"Median":{"confidence_interval":{"confidence_level":0.95,"lower_bound":45655.04071969697,"upper_bound":46774.35181300569},"point_estimate":46238.674708624705,"standard_error":310.2759070534927},"MedianAbsDev":{"confidence_interval":{"confidence_level":0.95,"lower_bound":1621.454210403318,"upper_bound":2774.6179042241633},"point_estimate":2187.935290110204,"standard_error":291.4614272841615},"Slope":{"confidence_interval":{"confidence_level":0.95,"lower_bound":45801.809134846866,"upper_bound":46630.49421497785},"point_estimate":46225.3732530865,"standard_error":211.61891063053272},"StdDev":{"confidence_interval":{"confidence_level":0.95,"lower_bound":2005.622087464247,"upper_bound":3530.4415651155773},"point_estimate":2720.975063856369,"standard_error":404.96682910576857}}