{"Mean":{"confidence_interval":{"confidence_level":0.95,"lower_bound":97456.82457590973,"upper_bound":99292.76058022199},"point_estimate":98376.57946166157,"standard_error":469.18589245081637},"Median":{"confidence_interval":{"confidence_level":0.95,"lower_bound":97925.15347018573,"upper_bound":99622.56818181818},"point_estimate":98897.9894062577,"standard_error":398.85775657055984},"MedianAbsDev":{"confidence_interval":{"confidence_level":0.95,"lower_bound":2447.4254029967524,"upper_bound":4167.464076214191},"point_estimate":3016.120896729154,"standard_error":424.884822128059},"Slope":{"confidence_interval":{"confidence_level":0.95,"lower_bound":98374.43553793867,"upper_bound":99371.22996587069},"point_estimate":98885.856945605,"standard_error":253.7859947130995},"StdDev":{"confidence_interval":{"confidence_level":0.95,"lower_bound":3629.5276403335965,"upper_bound":5727.424185230887},"point_estimate":4718.219343468654,"standard_error":536.2536818372785}}