{"Mean":{"confidence_interval":{"confidence_level":0.95,"lower_bound":307656.9458455352,"upper_bound":310185.62867865904},"point_estimate":308944.704040681,"standard_error":646.1673727734932},"Median":{"confidence_interval":{"confidence_level":0.95,"lower_bound":308356.4414124294,"upper_bound":310580.42142857146},"point_estimate":309964.96841577545,"standard_error":728.8538746164612},"MedianAbsDev":{"confidence_interval":{"confidence_level":0.95,"lower_bound":3778.5837764394796,"upper_bound":6714.289424408937},"point_estimate":5560.606246025882,"standard_error":748.8970731556374},"Slope":{"confidence_interval":{"confidence_level":0.95,"lower_bound":308175.28465247946,"upper_bound":310382.02514124144},"point_estimate":309289.1765442589,"standard_error":563.2844709022944},"StdDev":{"confidence_interval":{"confidence_level":0.95,"lower_bound":5215.203582191769,"upper_bound":7736.572309433145},"point_estimate":6482.917533877802,"standard_error":647.0912795335556}}