{"Mean":{"confidence_interval":{"confidence_level":0.95,"lower_bound":-0.028986292514950624,"upper_bound":-0.006803957917968874},"point_estimate":-0.01770366445779248,"standard_error":0.005661279162507404},"Median":{"confidence_interval":{"confidence_level":0.95,"lower_bound":-0.021872993008666318,"upper_bound":0.0008654319503711427},"point_estimate":-0.0069537294877272116,"standard_error":0.006044078659190645}}