{"Mean":{"confidence_interval":{"confidence_level":0.95,"lower_bound":0.18198665666010555,"upper_bound":0.23878562882657947},"point_estimate":0.20965440040324945,"standard_error":0.014790586659357634},"Median":{"confidence_interval":{"confidence_level":0.95,"lower_bound":0.1914822740004205,"upper_bound":0.22467258586189431},"point_estimate":0.20685501401464745,"standard_error":0.0086886418724761}}