{"Mean":{"confidence_interval":{"confidence_level":0.95,"lower_bound":-0.0016125724347535058,"upper_bound":0.020346966155424404},"point_estimate":0.009387632619187958,"standard_error":0.00558665152153152},"Median":{"confidence_interval":{"confidence_level":0.95,"lower_bound":-0.0017524355446342404,"upper_bound":0.01839943798156707},"point_estimate":0.006575305860121894,"standard_error":0.005126763936771273}}