{"Mean":{"confidence_interval":{"confidence_level":0.95,"lower_bound":57598.281710470495,"upper_bound":58195.02653524479},"point_estimate":57901.88018686094,"standard_error":151.9488311877222},"Median":{"confidence_interval":{"confidence_level":0.95,"lower_bound":57731.708835341364,"upper_bound":58336.85668276973},"point_estimate":58014.1433531746,"standard_error":140.03378843345283},"MedianAbsDev":{"confidence_interval":{"confidence_level":0.95,"lower_bound":938.0884076847944,"upper_bound":1718.1960421559181},"point_estimate":1289.9387869714149,"standard_error":193.818516504445},"Slope":{"confidence_interval":{"confidence_level":0.95,"lower_bound":57663.8705409845,"upper_bound":58183.397443445596},"point_estimate":57930.099616439256,"standard_error":132.75478289848934},"StdDev":{"confidence_interval":{"confidence_level":0.95,"lower_bound":1254.4558286087035,"upper_bound":1785.6844940216804},"point_estimate":1525.0179738472746,"standard_error":136.03425310780298}}