{"Mean":{"confidence_interval":{"confidence_level":0.95,"lower_bound":8127289.992676085,"upper_bound":8287960.975788469},"point_estimate":8218511.993978817,"standard_error":41492.27163888121},"Median":{"confidence_interval":{"confidence_level":0.95,"lower_bound":8243470.238095238,"upper_bound":8298591.133720931},"point_estimate":8268481.495726496,"standard_error":13291.33547015821},"MedianAbsDev":{"confidence_interval":{"confidence_level":0.95,"lower_bound":110073.67057456111,"upper_bound":232465.7244927194},"point_estimate":159390.5359149015,"standard_error":29544.052108985055},"Slope":{"confidence_interval":{"confidence_level":0.95,"lower_bound":8235675.368303209,"upper_bound":8307720.992955568},"point_estimate":8272220.768287277,"standard_error":18277.914356954487},"StdDev":{"confidence_interval":{"confidence_level":0.95,"lower_bound":199410.99615903583,"upper_bound":642840.9505499431},"point_estimate":417808.32147854485,"standard_error":136284.85971820948}}