{"Mean":{"confidence_interval":{"confidence_level":0.95,"lower_bound":24008151.845925093,"upper_bound":24159835.22842381},"point_estimate":24084561.850054502,"standard_error":38538.85639973117},"Median":{"confidence_interval":{"confidence_level":0.95,"lower_bound":24028212.64516129,"upper_bound":24144080.375},"point_estimate":24087561.514722914,"standard_error":26314.304775503006},"MedianAbsDev":{"confidence_interval":{"confidence_level":0.95,"lower_bound":189673.99821255734,"upper_bound":380154.60515799554},"point_estimate":267947.3967107719,"standard_error":51988.59964461963},"Slope":{"confidence_interval":{"confidence_level":0.95,"lower_bound":24055084.98776764,"upper_bound":24159824.736587588},"point_estimate":24107690.34740062,"standard_error":26659.234938036658},"StdDev":{"confidence_interval":{"confidence_level":0.95,"lower_bound":317086.87115584326,"upper_bound":451163.3720842731},"point_estimate":387132.7944622191,"standard_error":34294.57962292508}}