{"Mean":{"confidence_interval":{"confidence_level":0.95,"lower_bound":0.4794221383390085,"upper_bound":0.5231212740684626},"point_estimate":0.5013652354535059,"standard_error":0.011184620258946358},"Median":{"confidence_interval":{"confidence_level":0.95,"lower_bound":0.48966763508535194,"upper_bound":0.5221287955460916},"point_estimate":0.5031477170819754,"standard_error":0.008836489589588985}}