{"Mean":{"confidence_interval":{"confidence_level":0.95,"lower_bound":447923.764250508,"upper_bound":456546.80882078386},"point_estimate":452327.5080512236,"standard_error":2188.495647363376},"Median":{"confidence_interval":{"confidence_level":0.95,"lower_bound":449378.89506172837,"upper_bound":456778.0548523207},"point_estimate":452801.12577597843,"standard_error":1869.7239150805724},"MedianAbsDev":{"confidence_interval":{"confidence_level":0.95,"lower_bound":11840.61392911492,"upper_bound":19893.80243795457},"point_estimate":16145.702126861344,"standard_error":2000.6244266503086},"Slope":{"confidence_interval":{"confidence_level":0.95,"lower_bound":451151.04081164615,"upper_bound":456463.45332548756},"point_estimate":453859.67802472785,"standard_error":1356.1908384659696},"StdDev":{"confidence_interval":{"confidence_level":0.95,"lower_bound":15788.202480864884,"upper_bound":28750.114436969652},"point_estimate":21977.747045363732,"standard_error":3428.3307116817014}}