{"Mean":{"confidence_interval":{"confidence_level":0.95,"lower_bound":3464328.0512284474,"upper_bound":3503134.139351127},"point_estimate":3483495.027303644,"standard_error":9894.634665907754},"Median":{"confidence_interval":{"confidence_level":0.95,"lower_bound":3454649.2268041237,"upper_bound":3497943.4615384615},"point_estimate":3463708.484126984,"standard_error":13387.273764349502},"MedianAbsDev":{"confidence_interval":{"confidence_level":0.95,"lower_bound":63180.36468457407,"upper_bound":112325.57961764792},"point_estimate":85572.07335730724,"standard_error":12270.068058448853},"Slope":{"confidence_interval":{"confidence_level":0.95,"lower_bound":3472770.7002579127,"upper_bound":3504141.220263725},"point_estimate":3488161.408349342,"standard_error":7991.126328350099},"StdDev":{"confidence_interval":{"confidence_level":0.95,"lower_bound":83282.72367146448,"upper_bound":114521.19346986043},"point_estimate":99684.25752114248,"standard_error":7988.712949255429}}