{"Mean":{"confidence_interval":{"confidence_level":0.95,"lower_bound":-0.007592277891600893,"upper_bound":0.007804297058848254},"point_estimate":0.00011427192266522113,"standard_error":0.003918316463527058},"Median":{"confidence_interval":{"confidence_level":0.95,"lower_bound":-0.007920672383018634,"upper_bound":0.00661471340859876},"point_estimate":-0.002584547392847192,"standard_error":0.0037452311226619395}}