{"Mean":{"confidence_interval":{"confidence_level":0.95,"lower_bound":306438.83719150093,"upper_bound":310065.5599901328},"point_estimate":308243.74726469873,"standard_error":921.5172999280495},"Median":{"confidence_interval":{"confidence_level":0.95,"lower_bound":306538.43714808556,"upper_bound":309467.3629032258},"point_estimate":308178.0954769737,"standard_error":754.839547804446},"MedianAbsDev":{"confidence_interval":{"confidence_level":0.95,"lower_bound":4533.7085026014565,"upper_bound":7974.757482251902},"point_estimate":6483.928204420705,"standard_error":880.5734450015613},"Slope":{"confidence_interval":{"confidence_level":0.95,"lower_bound":305803.91039819596,"upper_bound":309005.6239620616},"point_estimate":307480.6321922565,"standard_error":817.0321963882769},"StdDev":{"confidence_interval":{"confidence_level":0.95,"lower_bound":6946.857970885852,"upper_bound":11327.683053448405},"point_estimate":9243.640225487896,"standard_error":1121.0898700935904}}