{"Mean":{"confidence_interval":{"confidence_level":0.95,"lower_bound":92373907.97362211,"upper_bound":92763472.3722679},"point_estimate":92566865.46459115,"standard_error":99224.83297485462},"Median":{"confidence_interval":{"confidence_level":0.95,"lower_bound":92400209.09302326,"upper_bound":92745816.86153845},"point_estimate":92590292.37755102,"standard_error":88514.8452397801},"MedianAbsDev":{"confidence_interval":{"confidence_level":0.95,"lower_bound":501222.29273804754,"upper_bound":866331.1704257322},"point_estimate":667406.4963754051,"standard_error":90636.09633043202},"Slope":{"confidence_interval":{"confidence_level":0.95,"lower_bound":92274672.40883644,"upper_bound":92575090.74500784},"point_estimate":92423381.95872322,"standard_error":76804.92314006828},"StdDev":{"confidence_interval":{"confidence_level":0.95,"lower_bound":733999.7089137544,"upper_bound":1264070.6682585825},"point_estimate":1001839.7364309905,"standard_error":136222.4832541632}}