{"Mean":{"confidence_interval":{"confidence_level":0.95,"lower_bound":-0.0015943100129576493,"upper_bound":0.014746706632122644},"point_estimate":0.00627806784051077,"standard_error":0.004163727570818369},"Median":{"confidence_interval":{"confidence_level":0.95,"lower_bound":-0.0013741205735888773,"upper_bound":0.0114974605927645},"point_estimate":0.005034996996718943,"standard_error":0.003332414340139152}}