{"Mean":{"confidence_interval":{"confidence_level":0.95,"lower_bound":-0.01089219873614144,"upper_bound":0.003581971886508019},"point_estimate":-0.003716028309106889,"standard_error":0.0037072243345408133},"Median":{"confidence_interval":{"confidence_level":0.95,"lower_bound":-0.009124382196787684,"upper_bound":0.004698832309860901},"point_estimate":-0.0028833909628213084,"standard_error":0.0036525253974352507}}