{"Mean":{"confidence_interval":{"confidence_level":0.95,"lower_bound":194960.30640913502,"upper_bound":198003.81939764647},"point_estimate":196540.74939990844,"standard_error":778.0381502185716},"Median":{"confidence_interval":{"confidence_level":0.95,"lower_bound":195776.89130434784,"upper_bound":198552.1432748538},"point_estimate":197466.43494657447,"standard_error":752.8735671355969},"MedianAbsDev":{"confidence_interval":{"confidence_level":0.95,"lower_bound":4536.82182351954,"upper_bound":7316.768093619195},"point_estimate":6155.080655735192,"standard_error":722.6004064660422},"Slope":{"confidence_interval":{"confidence_level":0.95,"lower_bound":196214.65847417223,"upper_bound":198228.42404956947},"point_estimate":197219.3224698291,"standard_error":513.0137557414605},"StdDev":{"confidence_interval":{"confidence_level":0.95,"lower_bound":5788.062176977059,"upper_bound":9667.774716095524},"point_estimate":7820.2602074842425,"standard_error":993.8868113526948}}