{"Mean":{"confidence_interval":{"confidence_level":0.95,"lower_bound":80293.97638123193,"upper_bound":81607.05917025065},"point_estimate":80962.92524674546,"standard_error":334.3898307895425},"Median":{"confidence_interval":{"confidence_level":0.95,"lower_bound":80196.42471470838,"upper_bound":81840.61740890688},"point_estimate":81138.93433271087,"standard_error":403.01954757556854},"MedianAbsDev":{"confidence_interval":{"confidence_level":0.95,"lower_bound":1930.3355206499123,"upper_bound":3052.791706260075},"point_estimate":2361.074364358209,"standard_error":286.18974264077934},"Slope":{"confidence_interval":{"confidence_level":0.95,"lower_bound":80538.27504929113,"upper_bound":81459.89908867479},"point_estimate":81001.47814666198,"standard_error":234.25725143076505},"StdDev":{"confidence_interval":{"confidence_level":0.95,"lower_bound":2579.8371041515916,"upper_bound":4072.2364045010277},"point_estimate":3360.9826895881993,"standard_error":383.12643519135645}}