{"Mean":{"confidence_interval":{"confidence_level":0.95,"lower_bound":0.30142456875828,"upper_bound":0.3617869057962906},"point_estimate":0.33084937009152005,"standard_error":0.015394599275019122},"Median":{"confidence_interval":{"confidence_level":0.95,"lower_bound":0.26659175159876836,"upper_bound":0.35489176013205126},"point_estimate":0.30358316704037325,"standard_error":0.022563691977595002}}