{"Mean":{"confidence_interval":{"confidence_level":0.95,"lower_bound":450339.32057150715,"upper_bound":458702.03537875396},"point_estimate":454687.9764516486,"standard_error":2134.1275044224185},"Median":{"confidence_interval":{"confidence_level":0.95,"lower_bound":454465.75625,"upper_bound":460302.9009009009},"point_estimate":457455.59226190473,"standard_error":1253.3424911958634},"MedianAbsDev":{"confidence_interval":{"confidence_level":0.95,"lower_bound":10405.27099304722,"upper_bound":18365.564616253698},"point_estimate":13771.343156716086,"standard_error":2164.8966999548093},"Slope":{"confidence_interval":{"confidence_level":0.95,"lower_bound":453719.61398443615,"upper_bound":460703.65056265576},"point_estimate":457219.7561775282,"standard_error":1782.2666003547695},"StdDev":{"confidence_interval":{"confidence_level":0.95,"lower_bound":15135.022617527049,"upper_bound":27760.864876612693},"point_estimate":21536.189202761427,"standard_error":3259.564460794214}}