{"Mean":{"confidence_interval":{"confidence_level":0.95,"lower_bound":140610754.78716376,"upper_bound":142168220.36574844},"point_estimate":141385964.97733688,"standard_error":396487.8535576751},"Median":{"confidence_interval":{"confidence_level":0.95,"lower_bound":140276880.9351852,"upper_bound":141634905.70930234},"point_estimate":140924047.55066583,"standard_error":349583.7358215407},"MedianAbsDev":{"confidence_interval":{"confidence_level":0.95,"lower_bound":2275315.6861869623,"upper_bound":4415474.088189278},"point_estimate":3636876.644230915,"standard_error":576210.6548252474},"Slope":{"confidence_interval":{"confidence_level":0.95,"lower_bound":140408057.29463524,"upper_bound":141665512.6765594},"point_estimate":141014109.16345796,"standard_error":321824.876890011},"StdDev":{"confidence_interval":{"confidence_level":0.95,"lower_bound":3337499.045425609,"upper_bound":4609834.173662741},"point_estimate":3991506.6997115538,"standard_error":324949.391802877}}