{"Mean":{"confidence_interval":{"confidence_level":0.95,"lower_bound":0.0074383835860059,"upper_bound":0.030251173745676967},"point_estimate":0.018847830891426165,"standard_error":0.005798838676287648},"Median":{"confidence_interval":{"confidence_level":0.95,"lower_bound":0.00040658357611045304,"upper_bound":0.027808000439208502},"point_estimate":0.01939625063939321,"standard_error":0.007159368479071111}}