{"Mean":{"confidence_interval":{"confidence_level":0.95,"lower_bound":0.0007833443938401908,"upper_bound":0.019754314512824733},"point_estimate":0.009865811832546978,"standard_error":0.004885594852760176},"Median":{"confidence_interval":{"confidence_level":0.95,"lower_bound":-0.00601440485653711,"upper_bound":0.009150564591817512},"point_estimate":0.0035595276008903998,"standard_error":0.003835074919181064}}