{"Mean":{"confidence_interval":{"confidence_level":0.95,"lower_bound":1328352.9690204563,"upper_bound":1335266.2934186435},"point_estimate":1331394.0537367049,"standard_error":1779.2634433331734},"Median":{"confidence_interval":{"confidence_level":0.95,"lower_bound":1324994.1724137932,"upper_bound":1326937.987654321},"point_estimate":1325271.6013986012,"standard_error":512.6452672116924},"MedianAbsDev":{"confidence_interval":{"confidence_level":0.95,"lower_bound":887.679412589606,"upper_bound":3553.7886823064787},"point_estimate":1681.299325535294,"standard_error":678.4416144957814},"Slope":{"confidence_interval":{"confidence_level":0.95,"lower_bound":1327928.635690898,"upper_bound":1331844.4111990817},"point_estimate":1329755.9830560072,"standard_error":1003.3020764229956},"StdDev":{"confidence_interval":{"confidence_level":0.95,"lower_bound":8155.649913420591,"upper_bound":26558.199398160035},"point_estimate":17861.95272591636,"standard_error":4914.109328419521}}