{"Mean":{"confidence_interval":{"confidence_level":0.95,"lower_bound":16379.09722186097,"upper_bound":16485.548674866244},"point_estimate":16427.95851828356,"standard_error":27.1431700644116},"Median":{"confidence_interval":{"confidence_level":0.95,"lower_bound":16319.583606557377,"upper_bound":16369.912260447934},"point_estimate":16346.512978142076,"standard_error":13.22522130617073},"MedianAbsDev":{"confidence_interval":{"confidence_level":0.95,"lower_bound":31.48347365491717,"upper_bound":84.99144002514959},"point_estimate":62.96070912280405,"standard_error":13.22912905855563},"Slope":{"confidence_interval":{"confidence_level":0.95,"lower_bound":16371.79053781744,"upper_bound":16453.103938855977},"point_estimate":16407.11071535683,"standard_error":20.79051680560569},"StdDev":{"confidence_interval":{"confidence_level":0.95,"lower_bound":165.2087852373339,"upper_bound":356.52369170570444},"point_estimate":272.6928880190383,"standard_error":48.77947571645866}}