{"Mean":{"confidence_interval":{"confidence_level":0.95,"lower_bound":0.004435053373754577,"upper_bound":0.03726381988801989},"point_estimate":0.020967521410304446,"standard_error":0.008353806209226248},"Median":{"confidence_interval":{"confidence_level":0.95,"lower_bound":-0.0005605539208221044,"upper_bound":0.032361664386644895},"point_estimate":0.016858744721089503,"standard_error":0.008700292425805159}}