{"Mean":{"confidence_interval":{"confidence_level":0.95,"lower_bound":9993927.026748257,"upper_bound":10045132.938727213},"point_estimate":10019791.042979175,"standard_error":13045.225372145278},"Median":{"confidence_interval":{"confidence_level":0.95,"lower_bound":9991295.910112359,"upper_bound":10047005.15625},"point_estimate":10006069.664903846,"standard_error":15147.409280239885},"MedianAbsDev":{"confidence_interval":{"confidence_level":0.95,"lower_bound":77828.99669969677,"upper_bound":140257.10463586016},"point_estimate":103867.45263911324,"standard_error":15715.508364538808},"Slope":{"confidence_interval":{"confidence_level":0.95,"lower_bound":9997743.159636311,"upper_bound":10042901.818462169},"point_estimate":10020177.253577657,"standard_error":11444.671566543737},"StdDev":{"confidence_interval":{"confidence_level":0.95,"lower_bound":106658.60525444076,"upper_bound":155041.73471007618},"point_estimate":131180.02497438405,"standard_error":12377.422103948504}}