{"Mean":{"confidence_interval":{"confidence_level":0.95,"lower_bound":-0.0002096674693407132,"upper_bound":0.05915139237981261},"point_estimate":0.028670510630214974,"standard_error":0.015059899757169449},"Median":{"confidence_interval":{"confidence_level":0.95,"lower_bound":-0.009677260435166701,"upper_bound":0.07207049508682828},"point_estimate":0.03082596093804102,"standard_error":0.021581228548780258}}