{"Mean":{"confidence_interval":{"confidence_level":0.95,"lower_bound":57249.35171386732,"upper_bound":58010.44870216178},"point_estimate":57641.49497337281,"standard_error":193.864011697738},"Median":{"confidence_interval":{"confidence_level":0.95,"lower_bound":57436.96153846154,"upper_bound":58325.646976090015},"point_estimate":57848.27387436456,"standard_error":252.35680439836847},"MedianAbsDev":{"confidence_interval":{"confidence_level":0.95,"lower_bound":1227.3883233747374,"upper_bound":2021.5556449258256},"point_estimate":1592.2679637163435,"standard_error":204.27171507717648},"Slope":{"confidence_interval":{"confidence_level":0.95,"lower_bound":57664.63084668111,"upper_bound":58170.496636443524},"point_estimate":57914.28976651397,"standard_error":129.17552289748303},"StdDev":{"confidence_interval":{"confidence_level":0.95,"lower_bound":1526.7705251725977,"upper_bound":2378.064420061042},"point_estimate":1954.3481368748362,"standard_error":219.62254189922035}}