{"Mean":{"confidence_interval":{"confidence_level":0.95,"lower_bound":3757714.3759393836,"upper_bound":3858874.243255751},"point_estimate":3808012.4565768684,"standard_error":25836.55035083462},"Median":{"confidence_interval":{"confidence_level":0.95,"lower_bound":3743598.1277777776,"upper_bound":3876414.098901099},"point_estimate":3799762.2192982454,"standard_error":33918.43999797669},"MedianAbsDev":{"confidence_interval":{"confidence_level":0.95,"lower_bound":183152.85983779855,"upper_bound":285043.3714292472},"point_estimate":238277.7838785751,"standard_error":26450.46253860827},"Slope":{"confidence_interval":{"confidence_level":0.95,"lower_bound":3790205.9216613653,"upper_bound":3877287.0303751314},"point_estimate":3833866.2462036354,"standard_error":22130.21870322496},"StdDev":{"confidence_interval":{"confidence_level":0.95,"lower_bound":214667.67941308903,"upper_bound":301450.6670163727},"point_estimate":259032.28830020945,"standard_error":22231.458365777376}}