{"Mean":{"confidence_interval":{"confidence_level":0.95,"lower_bound":0.7775341202716292,"upper_bound":0.8394769984505528},"point_estimate":0.8079265336029176,"standard_error":0.015782710798634202},"Median":{"confidence_interval":{"confidence_level":0.95,"lower_bound":0.7802491675653709,"upper_bound":0.8246936670162486},"point_estimate":0.8007727946168701,"standard_error":0.011639049886176084}}