{"Mean":{"confidence_interval":{"confidence_level":0.95,"lower_bound":1702.2336441220577,"upper_bound":1711.0908525673888},"point_estimate":1705.7304762951892,"standard_error":2.3454688147467837},"Median":{"confidence_interval":{"confidence_level":0.95,"lower_bound":1699.2724908379143,"upper_bound":1702.6271105826397},"point_estimate":1700.7011334610474,"standard_error":0.7497466540844127},"MedianAbsDev":{"confidence_interval":{"confidence_level":0.95,"lower_bound":2.162545924251003,"upper_bound":5.941438194215774},"point_estimate":3.994992898423617,"standard_error":0.8931301705683694},"Slope":{"confidence_interval":{"confidence_level":0.95,"lower_bound":1702.1098872783652,"upper_bound":1704.6080355444556},"point_estimate":1703.3276517531835,"standard_error":0.6360189712465693},"StdDev":{"confidence_interval":{"confidence_level":0.95,"lower_bound":6.531924816413844,"upper_bound":38.48651033397839},"point_estimate":23.540957996004916,"standard_error":10.10613935280372}}