{"Mean":{"confidence_interval":{"confidence_level":0.95,"lower_bound":566511.1761512343,"upper_bound":575992.4640546049},"point_estimate":571272.3696188696,"standard_error":2421.3793818314534},"Median":{"confidence_interval":{"confidence_level":0.95,"lower_bound":566679.2706944444,"upper_bound":577293.8791154951},"point_estimate":570377.8105232893,"standard_error":2719.3028468617144},"MedianAbsDev":{"confidence_interval":{"confidence_level":0.95,"lower_bound":19039.5435669805,"upper_bound":29379.208346061845},"point_estimate":25246.546758655248,"standard_error":2550.7139634427376},"Slope":{"confidence_interval":{"confidence_level":0.95,"lower_bound":569209.0055468989,"upper_bound":578139.1877928707},"point_estimate":573733.8105689374,"standard_error":2278.639538485391},"StdDev":{"confidence_interval":{"confidence_level":0.95,"lower_bound":20642.502433967667,"upper_bound":27643.855441542608},"point_estimate":24315.88422549638,"standard_error":1790.530556007814}}