{"Mean":{"confidence_interval":{"confidence_level":0.95,"lower_bound":-0.015231955120129695,"upper_bound":0.0040712689563148765},"point_estimate":-0.005223160800467697,"standard_error":0.004880301056973542},"Median":{"confidence_interval":{"confidence_level":0.95,"lower_bound":-0.012026273144826849,"upper_bound":0.005136535177583612},"point_estimate":-0.0022516505276710674,"standard_error":0.004420200422482497}}