{"Mean":{"confidence_interval":{"confidence_level":0.95,"lower_bound":38646.795700331444,"upper_bound":39052.21920035162},"point_estimate":38846.379920941545,"standard_error":103.0406065998095},"Median":{"confidence_interval":{"confidence_level":0.95,"lower_bound":38630.21689135607,"upper_bound":38962.371040723985},"point_estimate":38734.96430288462,"standard_error":82.11592430808105},"MedianAbsDev":{"confidence_interval":{"confidence_level":0.95,"lower_bound":517.3855024101041,"upper_bound":910.8724402903163},"point_estimate":712.2029393724299,"standard_error":99.15727533023447},"Slope":{"confidence_interval":{"confidence_level":0.95,"lower_bound":38570.31552078028,"upper_bound":38817.707839384166},"point_estimate":38695.82796160098,"standard_error":63.330489490853715},"StdDev":{"confidence_interval":{"confidence_level":0.95,"lower_bound":777.2724936476687,"upper_bound":1273.2215872195886},"point_estimate":1034.3364492564015,"standard_error":127.25806682170752}}