{"Mean":{"confidence_interval":{"confidence_level":0.95,"lower_bound":3190375.492173264,"upper_bound":3264619.4425868443},"point_estimate":3227602.1837239666,"standard_error":18937.169485339615},"Median":{"confidence_interval":{"confidence_level":0.95,"lower_bound":3185289.75,"upper_bound":3258709.649350649},"point_estimate":3234108.6352951126,"standard_error":19888.4717058207},"MedianAbsDev":{"confidence_interval":{"confidence_level":0.95,"lower_bound":95986.13118439706,"upper_bound":175340.71496060022},"point_estimate":127853.12004036605,"standard_error":19528.92834055552},"Slope":{"confidence_interval":{"confidence_level":0.95,"lower_bound":3199869.3232316445,"upper_bound":3244945.0552480067},"point_estimate":3222348.806469632,"standard_error":11514.5191803257},"StdDev":{"confidence_interval":{"confidence_level":0.95,"lower_bound":146344.42521191,"upper_bound":231865.18405763616},"point_estimate":190410.27496434754,"standard_error":21963.06638318597}}