{"Mean":{"confidence_interval":{"confidence_level":0.95,"lower_bound":9347530.231091537,"upper_bound":9442980.818199493},"point_estimate":9389530.49222645,"standard_error":24447.046736747037},"Median":{"confidence_interval":{"confidence_level":0.95,"lower_bound":9330414.552287582,"upper_bound":9390426.257236842},"point_estimate":9362797.829824563,"standard_error":17025.131549608384},"MedianAbsDev":{"confidence_interval":{"confidence_level":0.95,"lower_bound":84468.88357013765,"upper_bound":145450.88241164564},"point_estimate":115288.94369321206,"standard_error":15964.661834368393},"Slope":{"confidence_interval":{"confidence_level":0.95,"lower_bound":9325473.62682146,"upper_bound":9370469.846289461},"point_estimate":9347768.846871583,"standard_error":11473.28287484558},"StdDev":{"confidence_interval":{"confidence_level":0.95,"lower_bound":111322.31330692455,"upper_bound":378361.37882411125},"point_estimate":245230.80552663858,"standard_error":76966.20216916334}}