{"Mean":{"confidence_interval":{"confidence_level":0.95,"lower_bound":98177745.15457164,"upper_bound":98631550.9800042},"point_estimate":98385167.67536497,"standard_error":115622.68701697307},"Median":{"confidence_interval":{"confidence_level":0.95,"lower_bound":98289798.33473028,"upper_bound":98499492.33846153},"point_estimate":98437998.78618601,"standard_error":55809.03841087549},"MedianAbsDev":{"confidence_interval":{"confidence_level":0.95,"lower_bound":373889.17462832335,"upper_bound":624060.7951587783},"point_estimate":510106.8642274377,"standard_error":64161.77767687666},"Slope":{"confidence_interval":{"confidence_level":0.95,"lower_bound":98246194.27104948,"upper_bound":98429319.08371921},"point_estimate":98337796.92593764,"standard_error":46619.07134270891},"StdDev":{"confidence_interval":{"confidence_level":0.95,"lower_bound":594522.3171917283,"upper_bound":1735874.5916165176},"point_estimate":1159816.2825028866,"standard_error":314686.2027523528}}