{"Mean":{"confidence_interval":{"confidence_level":0.95,"lower_bound":23142.05065416097,"upper_bound":24009.403262238364},"point_estimate":23574.242746314354,"standard_error":222.13142444312396},"Median":{"confidence_interval":{"confidence_level":0.95,"lower_bound":23114.66774891775,"upper_bound":24009.156746031746},"point_estimate":23604.389633699633,"standard_error":209.32286824535527},"MedianAbsDev":{"confidence_interval":{"confidence_level":0.95,"lower_bound":1557.9412739352172,"upper_bound":3231.9901772999283},"point_estimate":2338.2378119309637,"standard_error":424.20212188959914},"Slope":{"confidence_interval":{"confidence_level":0.95,"lower_bound":23003.4232869924,"upper_bound":23940.27810310021},"point_estimate":23474.926242901474,"standard_error":238.68135332597532},"StdDev":{"confidence_interval":{"confidence_level":0.95,"lower_bound":1952.9435940851772,"upper_bound":2468.3825905914196},"point_estimate":2228.4072669871466,"standard_error":131.3241978395637}}