{"Mean":{"confidence_interval":{"confidence_level":0.95,"lower_bound":154578.96894115687,"upper_bound":157499.23830696513},"point_estimate":155830.03681830363,"standard_error":752.0823268019578},"Median":{"confidence_interval":{"confidence_level":0.95,"lower_bound":154412.68201087826,"upper_bound":156112.5394345238},"point_estimate":155347.00757495593,"standard_error":447.28361240427114},"MedianAbsDev":{"confidence_interval":{"confidence_level":0.95,"lower_bound":2347.119887244963,"upper_bound":3987.220566095809},"point_estimate":3108.096326574659,"standard_error":415.457719114229},"Slope":{"confidence_interval":{"confidence_level":0.95,"lower_bound":154521.87024547864,"upper_bound":155903.94153295597},"point_estimate":155208.1390297452,"standard_error":352.34044064250884},"StdDev":{"confidence_interval":{"confidence_level":0.95,"lower_bound":3381.3301966985273,"upper_bound":11824.105705436621},"point_estimate":7551.7500284743355,"standard_error":2614.9609367047146}}