{"Mean":{"confidence_interval":{"confidence_level":0.95,"lower_bound":1.0587871078577094,"upper_bound":1.074092551031884},"point_estimate":1.0661599365035443,"standard_error":0.003852470997606711},"Median":{"confidence_interval":{"confidence_level":0.95,"lower_bound":1.0634893984704985,"upper_bound":1.068783690581435},"point_estimate":1.0652644505192428,"standard_error":0.0014063981182555467}}