{"Mean":{"confidence_interval":{"confidence_level":0.95,"lower_bound":423160751.18671274,"upper_bound":425096537.25704783},"point_estimate":424150278.9621393,"standard_error":492613.83204929397},"Median":{"confidence_interval":{"confidence_level":0.95,"lower_bound":423384896.987013,"upper_bound":424755231.4375},"point_estimate":424292910.66181815,"standard_error":297770.99817946035},"MedianAbsDev":{"confidence_interval":{"confidence_level":0.95,"lower_bound":2249367.0058268756,"upper_bound":3930452.1756380685},"point_estimate":3013142.618561024,"standard_error":435617.7032986339},"Slope":{"confidence_interval":{"confidence_level":0.95,"lower_bound":423431893.7411363,"upper_bound":424468122.98410845},"point_estimate":423942879.17955077,"standard_error":264445.5393540681},"StdDev":{"confidence_interval":{"confidence_level":0.95,"lower_bound":3553071.811224871,"upper_bound":6261726.208524367},"point_estimate":4956715.0651683295,"standard_error":694250.2979564744}}