{"Mean":{"confidence_interval":{"confidence_level":0.95,"lower_bound":-0.0038760396693336297,"upper_bound":0.015415674206885732},"point_estimate":0.005757184714158203,"standard_error":0.004897947351090127},"Median":{"confidence_interval":{"confidence_level":0.95,"lower_bound":-0.01003905722948939,"upper_bound":0.008574844093824696},"point_estimate":-0.003003486178991044,"standard_error":0.00482125843705448}}