{"Mean":{"confidence_interval":{"confidence_level":0.95,"lower_bound":0.006620035321802326,"upper_bound":0.0403856453958834},"point_estimate":0.022960167008794663,"standard_error":0.008589134801611359},"Median":{"confidence_interval":{"confidence_level":0.95,"lower_bound":-0.003128579034240464,"upper_bound":0.03823824176797008},"point_estimate":0.0161754898904789,"standard_error":0.010676940110543544}}