{"Mean":{"confidence_interval":{"confidence_level":0.95,"lower_bound":1661.3050208278282,"upper_bound":1669.4923512651033},"point_estimate":1664.7370949430424,"standard_error":2.129176634540231},"Median":{"confidence_interval":{"confidence_level":0.95,"lower_bound":1658.860501068028,"upper_bound":1661.8510964344298},"point_estimate":1659.4085858585859,"standard_error":0.9549609106392971},"MedianAbsDev":{"confidence_interval":{"confidence_level":0.95,"lower_bound":3.6485063140140244,"upper_bound":6.9322911367944045},"point_estimate":4.092419690972334,"standard_error":0.9391066771465041},"Slope":{"confidence_interval":{"confidence_level":0.95,"lower_bound":1660.8072514617497,"upper_bound":1663.764353451866},"point_estimate":1662.186337255616,"standard_error":0.753163968056494},"StdDev":{"confidence_interval":{"confidence_level":0.95,"lower_bound":6.435570089381304,"upper_bound":33.71607262152791},"point_estimate":21.38763086715566,"standard_error":7.5075284689493875}}