{"Mean":{"confidence_interval":{"confidence_level":0.95,"lower_bound":509040.3359829005,"upper_bound":519193.77267780673},"point_estimate":514068.51630930346,"standard_error":2585.3949731287016},"Median":{"confidence_interval":{"confidence_level":0.95,"lower_bound":508822.9446888237,"upper_bound":516804.6663164999},"point_estimate":512897.9312938354,"standard_error":2095.936157980359},"MedianAbsDev":{"confidence_interval":{"confidence_level":0.95,"lower_bound":16622.838331101375,"upper_bound":24692.71951803885},"point_estimate":21965.995667752886,"standard_error":2045.6342670705455},"Slope":{"confidence_interval":{"confidence_level":0.95,"lower_bound":510686.6856195749,"upper_bound":517067.3865677449},"point_estimate":513877.05559184274,"standard_error":1630.4298091851774},"StdDev":{"confidence_interval":{"confidence_level":0.95,"lower_bound":19922.921348442054,"upper_bound":31732.063061261244},"point_estimate":25979.15757777526,"standard_error":3020.0148485630175}}