{"Mean":{"confidence_interval":{"confidence_level":0.95,"lower_bound":2587215.704761319,"upper_bound":2610060.575377632},"point_estimate":2598712.3778619985,"standard_error":5824.9828874099285},"Median":{"confidence_interval":{"confidence_level":0.95,"lower_bound":2589594.942857143,"upper_bound":2613770.2647058824},"point_estimate":2607753.4487734484,"standard_error":6040.711681877021},"MedianAbsDev":{"confidence_interval":{"confidence_level":0.95,"lower_bound":37116.10111949061,"upper_bound":66188.23916199179},"point_estimate":44544.281261720505,"standard_error":7664.94869857088},"Slope":{"confidence_interval":{"confidence_level":0.95,"lower_bound":2589859.5475914166,"upper_bound":2612597.60890637},"point_estimate":2601265.3015220924,"standard_error":5800.410939408292},"StdDev":{"confidence_interval":{"confidence_level":0.95,"lower_bound":48590.74596469397,"upper_bound":68120.92882518817},"point_estimate":58577.90765121442,"standard_error":4999.647958101034}}