{"Mean":{"confidence_interval":{"confidence_level":0.95,"lower_bound":0.055436833501044405,"upper_bound":0.063407199289758},"point_estimate":0.05934723294229616,"standard_error":0.002044031274961285},"Median":{"confidence_interval":{"confidence_level":0.95,"lower_bound":0.05885486498448689,"upper_bound":0.06200897079816681},"point_estimate":0.06015433457656383,"standard_error":0.0007528196092870603}}