{"Mean":{"confidence_interval":{"confidence_level":0.95,"lower_bound":-0.011422941487081242,"upper_bound":0.00660847628623164},"point_estimate":-0.002315249796293828,"standard_error":0.004591771293764506},"Median":{"confidence_interval":{"confidence_level":0.95,"lower_bound":-0.011917739438802366,"upper_bound":0.009193346443246937},"point_estimate":-0.00296823916963862,"standard_error":0.005469501045321897}}