{"Mean":{"confidence_interval":{"confidence_level":0.95,"lower_bound":412459.53790328186,"upper_bound":420288.2725898153},"point_estimate":416426.3303844642,"standard_error":1990.4864624104837},"Median":{"confidence_interval":{"confidence_level":0.95,"lower_bound":413289.77906976745,"upper_bound":420362.60225195583},"point_estimate":415670.91102150537,"standard_error":2461.300236919143},"MedianAbsDev":{"confidence_interval":{"confidence_level":0.95,"lower_bound":10321.804129443592,"upper_bound":17114.535242038666},"point_estimate":13231.577427257687,"standard_error":1756.106917174355},"Slope":{"confidence_interval":{"confidence_level":0.95,"lower_bound":414006.3857083272,"upper_bound":419132.75440447795},"point_estimate":416531.7136682922,"standard_error":1309.5681914804018},"StdDev":{"confidence_interval":{"confidence_level":0.95,"lower_bound":15148.16152654095,"upper_bound":24792.850296583383},"point_estimate":20030.778135755845,"standard_error":2477.073745406967}}