{"Mean":{"confidence_interval":{"confidence_level":0.95,"lower_bound":64102.540349341136,"upper_bound":65616.39804146484},"point_estimate":64814.410244135994,"standard_error":386.05043289112007},"Median":{"confidence_interval":{"confidence_level":0.95,"lower_bound":64218.26116071429,"upper_bound":65113.587053571435},"point_estimate":64616.7963428442,"standard_error":223.81694219624282},"MedianAbsDev":{"confidence_interval":{"confidence_level":0.95,"lower_bound":1817.0377008068513,"upper_bound":3084.110461054912},"point_estimate":2435.5838834958586,"standard_error":337.65858643362964},"Slope":{"confidence_interval":{"confidence_level":0.95,"lower_bound":64033.63527740902,"upper_bound":64812.064582803185},"point_estimate":64423.90854569972,"standard_error":198.106189935786},"StdDev":{"confidence_interval":{"confidence_level":0.95,"lower_bound":2426.6511067469905,"upper_bound":5445.753884654408},"point_estimate":3880.3246008096494,"standard_error":820.403802065751}}