{"Mean":{"confidence_interval":{"confidence_level":0.95,"lower_bound":-0.010790098249014585,"upper_bound":0.013470773306557696},"point_estimate":0.0016591054891847978,"standard_error":0.006180395517115298},"Median":{"confidence_interval":{"confidence_level":0.95,"lower_bound":-0.012947859708485554,"upper_bound":0.016069302373974637},"point_estimate":0.0030228742480797877,"standard_error":0.007175414478592021}}