{"Mean":{"confidence_interval":{"confidence_level":0.95,"lower_bound":145000.163133356,"upper_bound":145488.70054848018},"point_estimate":145232.19248547358,"standard_error":125.06644807805195},"Median":{"confidence_interval":{"confidence_level":0.95,"lower_bound":144608.77272727274,"upper_bound":145045.78068410463},"point_estimate":144799.00860825533,"standard_error":98.88781552955271},"MedianAbsDev":{"confidence_interval":{"confidence_level":0.95,"lower_bound":505.7425561727987,"upper_bound":998.190834403579},"point_estimate":752.902646537069,"standard_error":121.66268749717906},"Slope":{"confidence_interval":{"confidence_level":0.95,"lower_bound":144967.6307213156,"upper_bound":145361.40511418425},"point_estimate":145155.03157296966,"standard_error":100.7877823328393},"StdDev":{"confidence_interval":{"confidence_level":0.95,"lower_bound":917.2119923804869,"upper_bound":1559.4055867460715},"point_estimate":1261.399683003408,"standard_error":164.32895441029862}}