{"Mean":{"confidence_interval":{"confidence_level":0.95,"lower_bound":72758032.34673879,"upper_bound":74126571.082027},"point_estimate":73501269.22624847,"standard_error":349906.0087810727},"Median":{"confidence_interval":{"confidence_level":0.95,"lower_bound":72917189.82692307,"upper_bound":74048861.9538961},"point_estimate":73533070.75083056,"standard_error":221118.69819117014},"MedianAbsDev":{"confidence_interval":{"confidence_level":0.95,"lower_bound":1486389.948270784,"upper_bound":2402100.8041550047},"point_estimate":1848806.178235321,"standard_error":238909.42757626707},"Slope":{"confidence_interval":{"confidence_level":0.95,"lower_bound":73089296.78986454,"upper_bound":73810592.90049218},"point_estimate":73445354.52559184,"standard_error":183555.9835631772},"StdDev":{"confidence_interval":{"confidence_level":0.95,"lower_bound":2007156.8436679726,"upper_bound":5136794.037931035},"point_estimate":3515638.5026734015,"standard_error":903578.1980657594}}