{"Mean":{"confidence_interval":{"confidence_level":0.95,"lower_bound":0.5091819077626518,"upper_bound":0.5874094802738316},"point_estimate":0.5475183482540991,"standard_error":0.019905267793176244},"Median":{"confidence_interval":{"confidence_level":0.95,"lower_bound":0.5159280011207676,"upper_bound":0.5882855681186336},"point_estimate":0.5498680187958993,"standard_error":0.018762065653973245}}