{"Mean":{"confidence_interval":{"confidence_level":0.95,"lower_bound":0.002373670655600284,"upper_bound":0.028430339167198677},"point_estimate":0.016160136484570264,"standard_error":0.006656188985737949},"Median":{"confidence_interval":{"confidence_level":0.95,"lower_bound":0.018714097102198624,"upper_bound":0.035408406222122935},"point_estimate":0.027285502715329146,"standard_error":0.004076502287489721}}