{"Mean":{"confidence_interval":{"confidence_level":0.95,"lower_bound":4483887.083256756,"upper_bound":4674092.793966891},"point_estimate":4577106.510247731,"standard_error":48559.44307751226},"Median":{"confidence_interval":{"confidence_level":0.95,"lower_bound":4564144.611428572,"upper_bound":4670178.442622951},"point_estimate":4616834.1217672415,"standard_error":28188.779712329066},"MedianAbsDev":{"confidence_interval":{"confidence_level":0.95,"lower_bound":187689.0479767562,"upper_bound":756482.6613331885},"point_estimate":355737.2853429839,"standard_error":163382.95537993446},"Slope":{"confidence_interval":{"confidence_level":0.95,"lower_bound":4393066.968810815,"upper_bound":4654564.991562232},"point_estimate":4525580.506649919,"standard_error":66635.24888597296},"StdDev":{"confidence_interval":{"confidence_level":0.95,"lower_bound":397135.2720570091,"upper_bound":580334.5518953921},"point_estimate":486742.2610158718,"standard_error":47348.340498337486}}