{"Mean":{"confidence_interval":{"confidence_level":0.95,"lower_bound":-0.02342522863178915,"upper_bound":0.0040834737557299185},"point_estimate":-0.00972282731829166,"standard_error":0.0069775704484972036},"Median":{"confidence_interval":{"confidence_level":0.95,"lower_bound":-0.020574167580527214,"upper_bound":0.0015776868764556529},"point_estimate":-0.008690550924582818,"standard_error":0.005676647719385779}}