{"Mean":{"confidence_interval":{"confidence_level":0.95,"lower_bound":0.7166196562427166,"upper_bound":0.7282664412220976},"point_estimate":0.7223390946411312,"standard_error":0.002947736143853219},"Median":{"confidence_interval":{"confidence_level":0.95,"lower_bound":0.7218952738474218,"upper_bound":0.725681503773185},"point_estimate":0.7240758479892309,"standard_error":0.0009769038653179845}}