{"Mean":{"confidence_interval":{"confidence_level":0.95,"lower_bound":104328.34414937634,"upper_bound":106944.10119841696},"point_estimate":105625.73811486486,"standard_error":668.1263906512494},"Median":{"confidence_interval":{"confidence_level":0.95,"lower_bound":104146.65590277777,"upper_bound":106634.95},"point_estimate":105847.52178279975,"standard_error":591.3355754524256},"MedianAbsDev":{"confidence_interval":{"confidence_level":0.95,"lower_bound":4381.511045842264,"upper_bound":7579.594028035906},"point_estimate":6029.504079657034,"standard_error":827.237841607837},"Slope":{"confidence_interval":{"confidence_level":0.95,"lower_bound":103393.17248040454,"upper_bound":106117.85130023576},"point_estimate":104724.73565331758,"standard_error":696.6457063579142},"StdDev":{"confidence_interval":{"confidence_level":0.95,"lower_bound":5556.250022375099,"upper_bound":7843.890768008676},"point_estimate":6737.229020224046,"standard_error":585.2590867610229}}