{"Mean":{"confidence_interval":{"confidence_level":0.95,"lower_bound":116775.14117362356,"upper_bound":119724.42476573188},"point_estimate":118310.0241149908,"standard_error":753.3803240236713},"Median":{"confidence_interval":{"confidence_level":0.95,"lower_bound":119229.36897274634,"upper_bound":121163.34984984985},"point_estimate":120067.61264038231,"standard_error":518.436557613305},"MedianAbsDev":{"confidence_interval":{"confidence_level":0.95,"lower_bound":2930.516913528483,"upper_bound":5445.049060007407},"point_estimate":3988.862626901065,"standard_error":630.0005135053516},"Slope":{"confidence_interval":{"confidence_level":0.95,"lower_bound":119819.78930120391,"upper_bound":121345.86856012883},"point_estimate":120590.30445823687,"standard_error":389.439973388065},"StdDev":{"confidence_interval":{"confidence_level":0.95,"lower_bound":5736.005165563488,"upper_bound":9095.04633123366},"point_estimate":7570.708136909026,"standard_error":857.1710445973738}}