{"Mean":{"confidence_interval":{"confidence_level":0.95,"lower_bound":37886.56849916698,"upper_bound":38338.22589360613},"point_estimate":38122.58394219785,"standard_error":115.15560643459364},"Median":{"confidence_interval":{"confidence_level":0.95,"lower_bound":37950.9023489394,"upper_bound":38318.73386121754},"point_estimate":38065.18583118002,"standard_error":92.7671646954984},"MedianAbsDev":{"confidence_interval":{"confidence_level":0.95,"lower_bound":603.8442698482135,"upper_bound":945.7737881799209},"point_estimate":780.2083067333291,"standard_error":84.3826190297915},"Slope":{"confidence_interval":{"confidence_level":0.95,"lower_bound":38023.34965251267,"upper_bound":38337.21080717217},"point_estimate":38181.31185524523,"standard_error":80.32688866683078},"StdDev":{"confidence_interval":{"confidence_level":0.95,"lower_bound":782.7593659536722,"upper_bound":1568.102588629314},"point_estimate":1155.7362051321147,"standard_error":212.2508511844268}}