{"Mean":{"confidence_interval":{"confidence_level":0.95,"lower_bound":110850.68949162784,"upper_bound":114181.29743469035},"point_estimate":112522.4040488706,"standard_error":852.5118796856464},"Median":{"confidence_interval":{"confidence_level":0.95,"lower_bound":111606.24678362573,"upper_bound":114489.01041666667},"point_estimate":113266.99292929293,"standard_error":740.2956420528931},"MedianAbsDev":{"confidence_interval":{"confidence_level":0.95,"lower_bound":5694.573321835526,"upper_bound":9391.764439209215},"point_estimate":6955.47214269926,"standard_error":974.2094174759405},"Slope":{"confidence_interval":{"confidence_level":0.95,"lower_bound":111452.86101779978,"upper_bound":113926.53765890455},"point_estimate":112681.7537674663,"standard_error":628.9079615487415},"StdDev":{"confidence_interval":{"confidence_level":0.95,"lower_bound":6981.437515887236,"upper_bound":10204.485913061082},"point_estimate":8577.112751188677,"standard_error":828.4796719786307}}