{"Mean":{"confidence_interval":{"confidence_level":0.95,"lower_bound":24943.879594254056,"upper_bound":26154.464269921475},"point_estimate":25530.184128418055,"standard_error":308.3904757451591},"Median":{"confidence_interval":{"confidence_level":0.95,"lower_bound":24949.99186746988,"upper_bound":26286.65481884058},"point_estimate":25810.9396265361,"standard_error":353.5780525255455},"MedianAbsDev":{"confidence_interval":{"confidence_level":0.95,"lower_bound":2141.8378372390785,"upper_bound":3332.6594782959633},"point_estimate":2860.128577591242,"standard_error":302.16238145592774},"Slope":{"confidence_interval":{"confidence_level":0.95,"lower_bound":24588.867256743746,"upper_bound":25626.547832810324},"point_estimate":25111.83914592877,"standard_error":264.824093367511},"StdDev":{"confidence_interval":{"confidence_level":0.95,"lower_bound":2331.3618633657225,"upper_bound":3927.8054432918016},"point_estimate":3094.5703393232498,"standard_error":421.23802990582374}}