{"Mean":{"confidence_interval":{"confidence_level":0.95,"lower_bound":123.36412779625157,"upper_bound":124.00607552023004},"point_estimate":123.64741150945723,"standard_error":0.16474455060608315},"Median":{"confidence_interval":{"confidence_level":0.95,"lower_bound":122.98721813894527,"upper_bound":123.30339198801947},"point_estimate":123.01569324847122,"standard_error":0.10750056898586019},"MedianAbsDev":{"confidence_interval":{"confidence_level":0.95,"lower_bound":0.026828386383572378,"upper_bound":0.47930633281473894},"point_estimate":0.11410434429084491,"standard_error":0.14755141738160235},"Slope":{"confidence_interval":{"confidence_level":0.95,"lower_bound":123.27074447497735,"upper_bound":123.5049874102578},"point_estimate":123.38101235448065,"standard_error":0.0599118611181044},"StdDev":{"confidence_interval":{"confidence_level":0.95,"lower_bound":0.783010080641691,"upper_bound":2.4403014115242656},"point_estimate":1.6546917095490128,"standard_error":0.4396618017279787}}