{"Mean":{"confidence_interval":{"confidence_level":0.95,"lower_bound":431224.2823783496,"upper_bound":450362.6261477895},"point_estimate":440411.56466304587,"standard_error":4889.631027918179},"Median":{"confidence_interval":{"confidence_level":0.95,"lower_bound":432450.162990196,"upper_bound":444262.51020408166},"point_estimate":438508.10042735044,"standard_error":3485.5023928238684},"MedianAbsDev":{"confidence_interval":{"confidence_level":0.95,"lower_bound":24441.822740548207,"upper_bound":43966.245247722196},"point_estimate":31592.772618955536,"standard_error":5025.497100741776},"Slope":{"confidence_interval":{"confidence_level":0.95,"lower_bound":430021.9910905676,"upper_bound":444527.8744147676},"point_estimate":437241.02163341705,"standard_error":3696.464929728627},"StdDev":{"confidence_interval":{"confidence_level":0.95,"lower_bound":35414.83392783337,"upper_bound":64373.783448598035},"point_estimate":49338.09549195381,"standard_error":7715.323644524583}}