{"Mean":{"confidence_interval":{"confidence_level":0.95,"lower_bound":0.05704381531130366,"upper_bound":0.0897449052291388},"point_estimate":0.0736216383705448,"standard_error":0.008347677768831616},"Median":{"confidence_interval":{"confidence_level":0.95,"lower_bound":0.06062346199293733,"upper_bound":0.09069816523499608},"point_estimate":0.07055646706670049,"standard_error":0.008086975871575074}}