{"Mean":{"confidence_interval":{"confidence_level":0.95,"lower_bound":23313.816258263494,"upper_bound":24175.61472145438},"point_estimate":23750.194248572247,"standard_error":219.69459628741552},"Median":{"confidence_interval":{"confidence_level":0.95,"lower_bound":23576.30512043999,"upper_bound":24387.982205513785},"point_estimate":24137.881852852377,"standard_error":194.7524316980241},"MedianAbsDev":{"confidence_interval":{"confidence_level":0.95,"lower_bound":1555.6591601109883,"upper_bound":2581.356100496233},"point_estimate":2086.194530752904,"standard_error":251.04889864122447},"Slope":{"confidence_interval":{"confidence_level":0.95,"lower_bound":23453.824822680952,"upper_bound":24375.987687766155},"point_estimate":23924.5759035797,"standard_error":235.34025498787923},"StdDev":{"confidence_interval":{"confidence_level":0.95,"lower_bound":1882.6278962247193,"upper_bound":2481.114506981668},"point_estimate":2203.680861374124,"standard_error":152.77808610111097}}