{"Mean":{"confidence_interval":{"confidence_level":0.95,"lower_bound":0.7306319956218537,"upper_bound":0.7770393050847214},"point_estimate":0.7545260721094049,"standard_error":0.011798551074305913},"Median":{"confidence_interval":{"confidence_level":0.95,"lower_bound":0.7363437991652619,"upper_bound":0.7908035924189405},"point_estimate":0.7600856837588539,"standard_error":0.013322941731111954}}