{"Mean":{"confidence_interval":{"confidence_level":0.95,"lower_bound":157893.43205228238,"upper_bound":159762.87792103415},"point_estimate":158830.33489665377,"standard_error":475.4955000459088},"Median":{"confidence_interval":{"confidence_level":0.95,"lower_bound":157618.38173350735,"upper_bound":160618.09271037183},"point_estimate":159212.0266608771,"standard_error":904.140644231402},"MedianAbsDev":{"confidence_interval":{"confidence_level":0.95,"lower_bound":3547.7397262592076,"upper_bound":5244.0576844503885},"point_estimate":4521.560716447581,"standard_error":430.8364370140492},"Slope":{"confidence_interval":{"confidence_level":0.95,"lower_bound":157425.24953960258,"upper_bound":159291.45111762814},"point_estimate":158362.95575122972,"standard_error":477.1596369827783},"StdDev":{"confidence_interval":{"confidence_level":0.95,"lower_bound":3961.745596913973,"upper_bound":5536.125234707275},"point_estimate":4771.096404454681,"standard_error":400.6080494039276}}