{"Mean":{"confidence_interval":{"confidence_level":0.95,"lower_bound":0.5727917366018739,"upper_bound":0.6211329213879514},"point_estimate":0.5960265642293798,"standard_error":0.01240526318564138},"Median":{"confidence_interval":{"confidence_level":0.95,"lower_bound":0.5695854467860335,"upper_bound":0.6107456491261776},"point_estimate":0.5939165235665698,"standard_error":0.010708373749236721}}