{"Mean":{"confidence_interval":{"confidence_level":0.95,"lower_bound":150954.20980192296,"upper_bound":153407.57308826764},"point_estimate":152138.4372186129,"standard_error":625.8889372970146},"Median":{"confidence_interval":{"confidence_level":0.95,"lower_bound":150577.40238095238,"upper_bound":152389.55714285714},"point_estimate":151258.25575091573,"standard_error":484.7299432685927},"MedianAbsDev":{"confidence_interval":{"confidence_level":0.95,"lower_bound":3208.9378022329943,"upper_bound":5424.174305688984},"point_estimate":4414.826680390356,"standard_error":579.0723288383172},"Slope":{"confidence_interval":{"confidence_level":0.95,"lower_bound":150976.8442486523,"upper_bound":152542.62549405085},"point_estimate":151762.51838248645,"standard_error":398.20258417166906},"StdDev":{"confidence_interval":{"confidence_level":0.95,"lower_bound":4635.163871426246,"upper_bound":7773.491894248419},"point_estimate":6258.71518912899,"standard_error":805.7569097738125}}