{"Mean":{"confidence_interval":{"confidence_level":0.95,"lower_bound":153731.5239700624,"upper_bound":155514.00030163513},"point_estimate":154614.604273037,"standard_error":454.2544861115039},"Median":{"confidence_interval":{"confidence_level":0.95,"lower_bound":153707.47987012987,"upper_bound":154996.83247145012},"point_estimate":154496.10706168832,"standard_error":351.5872173653552},"MedianAbsDev":{"confidence_interval":{"confidence_level":0.95,"lower_bound":2756.8574916029966,"upper_bound":4548.181977691131},"point_estimate":3581.690118291651,"standard_error":469.71122015433457},"Slope":{"confidence_interval":{"confidence_level":0.95,"lower_bound":153663.96317007186,"upper_bound":155074.31181777932},"point_estimate":154388.82790305896,"standard_error":360.0637972968113},"StdDev":{"confidence_interval":{"confidence_level":0.95,"lower_bound":3595.246975905625,"upper_bound":5512.054389208948},"point_estimate":4566.443981013707,"standard_error":491.01925767596845}}