{"Mean":{"confidence_interval":{"confidence_level":0.95,"lower_bound":251327800.4846777,"upper_bound":253202065.82745486},"point_estimate":252232210.0120938,"standard_error":476015.95170288667},"Median":{"confidence_interval":{"confidence_level":0.95,"lower_bound":251298431.51934066,"upper_bound":252449814.27190137},"point_estimate":251986869.3886218,"standard_error":307396.5071412484},"MedianAbsDev":{"confidence_interval":{"confidence_level":0.95,"lower_bound":1823965.8150923073,"upper_bound":3417981.09746078},"point_estimate":2640604.228693457,"standard_error":424955.8224509502},"Slope":{"confidence_interval":{"confidence_level":0.95,"lower_bound":251701773.46467662,"upper_bound":252872777.07573283},"point_estimate":252274078.5769972,"standard_error":299303.32620321424},"StdDev":{"confidence_interval":{"confidence_level":0.95,"lower_bound":3322048.7168821576,"upper_bound":6072897.373923307},"point_estimate":4755947.906393605,"standard_error":705774.8928471794}}