{"Mean":{"confidence_interval":{"confidence_level":0.95,"lower_bound":45132.39766544012,"upper_bound":46067.79012707266},"point_estimate":45586.81905325176,"standard_error":238.6563721570167},"Median":{"confidence_interval":{"confidence_level":0.95,"lower_bound":44945.17110125646,"upper_bound":45889.106060606064},"point_estimate":45385.805622009575,"standard_error":226.91473099559678},"MedianAbsDev":{"confidence_interval":{"confidence_level":0.95,"lower_bound":1535.1244952755806,"upper_bound":2434.4317710808864},"point_estimate":1991.8696185902336,"standard_error":231.99760306469028},"Slope":{"confidence_interval":{"confidence_level":0.95,"lower_bound":44881.378069436476,"upper_bound":45592.56128306866},"point_estimate":45233.37621680078,"standard_error":182.12913808373636},"StdDev":{"confidence_interval":{"confidence_level":0.95,"lower_bound":1847.627281952325,"upper_bound":2930.05165656252},"point_estimate":2396.7110039376694,"standard_error":279.77395755129413}}