{"Mean":{"confidence_interval":{"confidence_level":0.95,"lower_bound":0.037142120038178295,"upper_bound":0.08438433993613119},"point_estimate":0.06037143932152178,"standard_error":0.012098788329918383},"Median":{"confidence_interval":{"confidence_level":0.95,"lower_bound":0.03788955488659651,"upper_bound":0.07923207197352533},"point_estimate":0.058646407988822924,"standard_error":0.010550549900185143}}