{"Mean":{"confidence_interval":{"confidence_level":0.95,"lower_bound":0.4504445695846967,"upper_bound":0.47638998103321634},"point_estimate":0.4633734889564418,"standard_error":0.006638059176994684},"Median":{"confidence_interval":{"confidence_level":0.95,"lower_bound":0.44332358701032626,"upper_bound":0.472137790245831},"point_estimate":0.4581944813073682,"standard_error":0.007335938202945816}}