{"Mean":{"confidence_interval":{"confidence_level":0.95,"lower_bound":1.2795425293662916,"upper_bound":1.2994850570794394},"point_estimate":1.2892019627606066,"standard_error":0.0050192019664917036},"Median":{"confidence_interval":{"confidence_level":0.95,"lower_bound":1.2813599841372212,"upper_bound":1.2904952882053813},"point_estimate":1.2865777813472103,"standard_error":0.0023735308415637406}}