{"Mean":{"confidence_interval":{"confidence_level":0.95,"lower_bound":4646933.74387555,"upper_bound":4735420.728962518},"point_estimate":4691318.647825619,"standard_error":22576.891980998873},"Median":{"confidence_interval":{"confidence_level":0.95,"lower_bound":4632803.1,"upper_bound":4724411.216216216},"point_estimate":4669491.56512605,"standard_error":24557.243974365858},"MedianAbsDev":{"confidence_interval":{"confidence_level":0.95,"lower_bound":165453.98559895472,"upper_bound":305344.8708279054},"point_estimate":245544.65521124803,"standard_error":37319.105699236},"Slope":{"confidence_interval":{"confidence_level":0.95,"lower_bound":4723058.104896194,"upper_bound":4824815.4789668815},"point_estimate":4774714.415016994,"standard_error":25908.66014689447},"StdDev":{"confidence_interval":{"confidence_level":0.95,"lower_bound":196617.55807369598,"upper_bound":254350.4543368763},"point_estimate":226962.32483621823,"standard_error":14793.02926650141}}