{"Mean":{"confidence_interval":{"confidence_level":0.95,"lower_bound":-0.04704525344267565,"upper_bound":-0.03887908679939902},"point_estimate":-0.04299510268722284,"standard_error":0.002073511330733363},"Median":{"confidence_interval":{"confidence_level":0.95,"lower_bound":-0.041781327779124355,"upper_bound":-0.03968388419129676},"point_estimate":-0.0406439401951193,"standard_error":0.0004780535159822052}}