{"Mean":{"confidence_interval":{"confidence_level":0.95,"lower_bound":-0.01269433596462298,"upper_bound":0.00453029921511775},"point_estimate":-0.003761892289926405,"standard_error":0.0043668003565779144},"Median":{"confidence_interval":{"confidence_level":0.95,"lower_bound":-0.005445429408267755,"upper_bound":0.006108705261526959},"point_estimate":-0.000054371548354414934,"standard_error":0.0029343877182964884}}