{"Mean":{"confidence_interval":{"confidence_level":0.95,"lower_bound":5696837.69316703,"upper_bound":5738210.873210105},"point_estimate":5717392.946062032,"standard_error":10536.424377187192},"Median":{"confidence_interval":{"confidence_level":0.95,"lower_bound":5689388.405405405,"upper_bound":5745510.083333334},"point_estimate":5715176.22918552,"standard_error":14144.571889344701},"MedianAbsDev":{"confidence_interval":{"confidence_level":0.95,"lower_bound":80353.40476496058,"upper_bound":123583.28627149717},"point_estimate":103348.34599441366,"standard_error":10957.321171658972},"Slope":{"confidence_interval":{"confidence_level":0.95,"lower_bound":5695819.972239381,"upper_bound":5729027.696850527},"point_estimate":5712398.243387025,"standard_error":8478.11041786292},"StdDev":{"confidence_interval":{"confidence_level":0.95,"lower_bound":88842.94763133526,"upper_bound":122366.83254273074},"point_estimate":105922.613463585,"standard_error":8562.760696917623}}