{"Mean":{"confidence_interval":{"confidence_level":0.95,"lower_bound":76174.95689064707,"upper_bound":76942.50927633609},"point_estimate":76559.7391964345,"standard_error":195.6076687164225},"Median":{"confidence_interval":{"confidence_level":0.95,"lower_bound":76171.60083160084,"upper_bound":77028.87912087912},"point_estimate":76400.09515369423,"standard_error":231.86576898853292},"MedianAbsDev":{"confidence_interval":{"confidence_level":0.95,"lower_bound":1136.512870288457,"upper_bound":2035.222344952738},"point_estimate":1526.4567024793434,"standard_error":236.5081817932332},"Slope":{"confidence_interval":{"confidence_level":0.95,"lower_bound":76360.71628525507,"upper_bound":76845.52835294581},"point_estimate":76599.1132175376,"standard_error":123.61944125625298},"StdDev":{"confidence_interval":{"confidence_level":0.95,"lower_bound":1580.2053680684974,"upper_bound":2319.303155135735},"point_estimate":1967.1354768249614,"standard_error":189.01741294688492}}