{"Mean":{"confidence_interval":{"confidence_level":0.95,"lower_bound":522053.57189569593,"upper_bound":533782.5205239205},"point_estimate":527984.627528301,"standard_error":2980.188280924055},"Median":{"confidence_interval":{"confidence_level":0.95,"lower_bound":523222.46794871794,"upper_bound":532824.596417683},"point_estimate":529685.6794425086,"standard_error":2359.632676489092},"MedianAbsDev":{"confidence_interval":{"confidence_level":0.95,"lower_bound":12847.651690408584,"upper_bound":26281.508971741296},"point_estimate":17629.002881850218,"standard_error":3648.218174313625},"Slope":{"confidence_interval":{"confidence_level":0.95,"lower_bound":523150.4887165861,"upper_bound":530286.3345774502},"point_estimate":526719.8203177183,"standard_error":1822.987035544371},"StdDev":{"confidence_interval":{"confidence_level":0.95,"lower_bound":22434.274077811562,"upper_bound":36448.46224520014},"point_estimate":29780.109898528415,"standard_error":3587.0796725107202}}