{"Mean":{"confidence_interval":{"confidence_level":0.95,"lower_bound":0.21501868933228463,"upper_bound":0.24847711948207482},"point_estimate":0.2316991215400539,"standard_error":0.008526974252986617},"Median":{"confidence_interval":{"confidence_level":0.95,"lower_bound":0.21561796966839308,"upper_bound":0.2548505637944949},"point_estimate":0.23622571504103296,"standard_error":0.009753870049531738}}