{"Mean":{"confidence_interval":{"confidence_level":0.95,"lower_bound":-0.01211516688037956,"upper_bound":0.007355776716582038},"point_estimate":-0.0030390918459493044,"standard_error":0.004944815904735343},"Median":{"confidence_interval":{"confidence_level":0.95,"lower_bound":-0.013997377572512404,"upper_bound":-0.0002526532057265385},"point_estimate":-0.005816160314117913,"standard_error":0.0036138790890718237}}