{"Mean":{"confidence_interval":{"confidence_level":0.95,"lower_bound":-0.006199971563109993,"upper_bound":0.012527074882698731},"point_estimate":0.0029648336406364884,"standard_error":0.004785650220739834},"Median":{"confidence_interval":{"confidence_level":0.95,"lower_bound":-0.005430822962795179,"upper_bound":0.011412634729208948},"point_estimate":0.003615866495226383,"standard_error":0.004454112021511988}}