{"Mean":{"confidence_interval":{"confidence_level":0.95,"lower_bound":308351.8492880812,"upper_bound":311755.99101670226},"point_estimate":310112.2570312471,"standard_error":870.8255705553177},"Median":{"confidence_interval":{"confidence_level":0.95,"lower_bound":309974.9696969697,"upper_bound":312063.1798076923},"point_estimate":310917.39344541915,"standard_error":590.5769276290774},"MedianAbsDev":{"confidence_interval":{"confidence_level":0.95,"lower_bound":3841.8653061297377,"upper_bound":7424.150560219599},"point_estimate":5430.075253058927,"standard_error":917.4496578161298},"Slope":{"confidence_interval":{"confidence_level":0.95,"lower_bound":309997.71983247134,"upper_bound":312432.9527639383},"point_estimate":311228.7866691296,"standard_error":621.7525233657125},"StdDev":{"confidence_interval":{"confidence_level":0.95,"lower_bound":6476.977710739622,"upper_bound":10861.599740400537},"point_estimate":8749.357640859338,"standard_error":1126.199583964529}}