{"Mean":{"confidence_interval":{"confidence_level":0.95,"lower_bound":-0.03963833568959983,"upper_bound":-0.03064134683821583},"point_estimate":-0.035384967924301125,"standard_error":0.002346246303633393},"Median":{"confidence_interval":{"confidence_level":0.95,"lower_bound":-0.0390276917649256,"upper_bound":-0.03680325651711813},"point_estimate":-0.03799533213629491,"standard_error":0.000561345170033217}}