{"Mean":{"confidence_interval":{"confidence_level":0.95,"lower_bound":0.028651552572127075,"upper_bound":0.06260420134355488},"point_estimate":0.0449277483856918,"standard_error":0.008667344210475743},"Median":{"confidence_interval":{"confidence_level":0.95,"lower_bound":0.011688661418628676,"upper_bound":0.03568640331181769},"point_estimate":0.02336903454461381,"standard_error":0.006047425454308249}}