{"Mean":{"confidence_interval":{"confidence_level":0.95,"lower_bound":23115.1143754211,"upper_bound":23923.762646702377},"point_estimate":23521.85192973538,"standard_error":207.1729229672171},"Median":{"confidence_interval":{"confidence_level":0.95,"lower_bound":23135.14010989011,"upper_bound":24126.172052154194},"point_estimate":23716.11330579851,"standard_error":222.12016709188464},"MedianAbsDev":{"confidence_interval":{"confidence_level":0.95,"lower_bound":1254.2545200572877,"upper_bound":2041.6772868162411},"point_estimate":1579.422724042973,"standard_error":199.46669952818408},"Slope":{"confidence_interval":{"confidence_level":0.95,"lower_bound":23341.56938734037,"upper_bound":24103.542804318527},"point_estimate":23724.42130310259,"standard_error":194.01633747158806},"StdDev":{"confidence_interval":{"confidence_level":0.95,"lower_bound":1718.9146541334192,"upper_bound":2379.2569804828677},"point_estimate":2067.593241143962,"standard_error":167.9159931718646}}