{"Mean":{"confidence_interval":{"confidence_level":0.95,"lower_bound":2566645.9393610777,"upper_bound":2620052.2343380544},"point_estimate":2594435.5045660785,"standard_error":13582.556228976195},"Median":{"confidence_interval":{"confidence_level":0.95,"lower_bound":2580822.4464285714,"upper_bound":2625753.8860759493},"point_estimate":2602538.988505747,"standard_error":13799.208903784442},"MedianAbsDev":{"confidence_interval":{"confidence_level":0.95,"lower_bound":61920.08239440452,"upper_bound":105335.24285351568},"point_estimate":81182.26579888363,"standard_error":12012.293804945475},"Slope":{"confidence_interval":{"confidence_level":0.95,"lower_bound":2573090.000367164,"upper_bound":2609203.4611150594},"point_estimate":2591308.704752475,"standard_error":9252.906660953382},"StdDev":{"confidence_interval":{"confidence_level":0.95,"lower_bound":92458.71363066582,"upper_bound":185526.10231287382},"point_estimate":136802.24334607134,"standard_error":25037.262348721233}}