{"Mean":{"confidence_interval":{"confidence_level":0.95,"lower_bound":0.06348970075586384,"upper_bound":0.07095332651253994},"point_estimate":0.06745890951144462,"standard_error":0.0018821556269060125},"Median":{"confidence_interval":{"confidence_level":0.95,"lower_bound":0.06627021162723512,"upper_bound":0.07018934531139975},"point_estimate":0.06820316183742325,"standard_error":0.001011891439099553}}