{"Mean":{"confidence_interval":{"confidence_level":0.95,"lower_bound":150392.7894008644,"upper_bound":152112.12799745065},"point_estimate":151244.6224930634,"standard_error":439.16775887106985},"Median":{"confidence_interval":{"confidence_level":0.95,"lower_bound":150324.41093474426,"upper_bound":152634.30633284242},"point_estimate":151208.59232026146,"standard_error":576.7744220781286},"MedianAbsDev":{"confidence_interval":{"confidence_level":0.95,"lower_bound":3138.715915739311,"upper_bound":4982.674172240347},"point_estimate":4167.634333916685,"standard_error":463.21920025660313},"Slope":{"confidence_interval":{"confidence_level":0.95,"lower_bound":150832.13506190764,"upper_bound":152439.43086740852},"point_estimate":151654.60620067976,"standard_error":410.59129532863517},"StdDev":{"confidence_interval":{"confidence_level":0.95,"lower_bound":3660.6226860786433,"upper_bound":5130.876324105331},"point_estimate":4414.089056371407,"standard_error":377.31846371584436}}