{"Mean":{"confidence_interval":{"confidence_level":0.95,"lower_bound":305475.005459919,"upper_bound":308870.0208653772},"point_estimate":307182.1412615973,"standard_error":864.1139902206804},"Median":{"confidence_interval":{"confidence_level":0.95,"lower_bound":305690.8052631579,"upper_bound":309060.7599954566},"point_estimate":307112.2533747661,"standard_error":893.6285615863256},"MedianAbsDev":{"confidence_interval":{"confidence_level":0.95,"lower_bound":4387.10135774091,"upper_bound":7697.635311917244},"point_estimate":5711.220819699293,"standard_error":856.3888004206775},"Slope":{"confidence_interval":{"confidence_level":0.95,"lower_bound":306934.85017153237,"upper_bound":309038.95092552213},"point_estimate":307997.52764962317,"standard_error":536.8072266006943},"StdDev":{"confidence_interval":{"confidence_level":0.95,"lower_bound":6800.344531389953,"upper_bound":10484.629389042697},"point_estimate":8700.7487131155,"standard_error":942.4678615592713}}