{"Mean":{"confidence_interval":{"confidence_level":0.95,"lower_bound":70784.47242386908,"upper_bound":72374.78664573118},"point_estimate":71562.67711903986,"standard_error":406.24028330761433},"Median":{"confidence_interval":{"confidence_level":0.95,"lower_bound":70400.34603174604,"upper_bound":71754.79960657208},"point_estimate":71046.77417027418,"standard_error":352.16386792998},"MedianAbsDev":{"confidence_interval":{"confidence_level":0.95,"lower_bound":2439.037033015323,"upper_bound":4689.167878682453},"point_estimate":3757.808389687068,"standard_error":594.322336089625},"Slope":{"confidence_interval":{"confidence_level":0.95,"lower_bound":70278.51967898018,"upper_bound":71696.439875708},"point_estimate":70968.38341404716,"standard_error":361.6436950601445},"StdDev":{"confidence_interval":{"confidence_level":0.95,"lower_bound":3273.05058074074,"upper_bound":4875.257994226225},"point_estimate":4075.3782500625,"standard_error":411.2930169127841}}