{"Mean":{"confidence_interval":{"confidence_level":0.95,"lower_bound":23531.812035752326,"upper_bound":24535.02257113063},"point_estimate":24039.955608784923,"standard_error":256.1006440673553},"Median":{"confidence_interval":{"confidence_level":0.95,"lower_bound":23603.555328392536,"upper_bound":24919.30680938226},"point_estimate":24353.027906976742,"standard_error":382.71798303292184},"MedianAbsDev":{"confidence_interval":{"confidence_level":0.95,"lower_bound":1806.1738975690298,"upper_bound":3001.8305202785946},"point_estimate":2331.73565070258,"standard_error":303.8737574612815},"Slope":{"confidence_interval":{"confidence_level":0.95,"lower_bound":23244.514583047967,"upper_bound":24231.543948621962},"point_estimate":23740.710794450497,"standard_error":253.17489028513168},"StdDev":{"confidence_interval":{"confidence_level":0.95,"lower_bound":2205.151792822723,"upper_bound":2879.503231709417},"point_estimate":2565.8405372176426,"standard_error":171.60899503161025}}