{"Mean":{"confidence_interval":{"confidence_level":0.95,"lower_bound":6246426.702198176,"upper_bound":6386762.260934479},"point_estimate":6314218.244205895,"standard_error":35807.81785074393},"Median":{"confidence_interval":{"confidence_level":0.95,"lower_bound":6173456.153846154,"upper_bound":6294428.681818182},"point_estimate":6234074.972228859,"standard_error":30689.039365557168},"MedianAbsDev":{"confidence_interval":{"confidence_level":0.95,"lower_bound":197090.05498519487,"upper_bound":324274.74760706455},"point_estimate":269955.289246999,"standard_error":34637.9109330185},"Slope":{"confidence_interval":{"confidence_level":0.95,"lower_bound":6233064.004826545,"upper_bound":6398802.370067098},"point_estimate":6314112.569809369,"standard_error":42393.868169151196},"StdDev":{"confidence_interval":{"confidence_level":0.95,"lower_bound":277590.48351761093,"upper_bound":439036.0947346237},"point_estimate":359302.40984218725,"standard_error":41570.69660659374}}