{"Mean":{"confidence_interval":{"confidence_level":0.95,"lower_bound":-0.0011852203619688321,"upper_bound":0.020415369493734212},"point_estimate":0.0090059576378827,"standard_error":0.005493586957984782},"Median":{"confidence_interval":{"confidence_level":0.95,"lower_bound":-0.005184043199811805,"upper_bound":0.014858143161738058},"point_estimate":0.0038930027798969036,"standard_error":0.005282244046665917}}