{"Mean":{"confidence_interval":{"confidence_level":0.95,"lower_bound":160845.4040221663,"upper_bound":161544.7854303919},"point_estimate":161132.84138014077,"standard_error":182.13255726042067},"Median":{"confidence_interval":{"confidence_level":0.95,"lower_bound":160712.99078341015,"upper_bound":160965.5294117647},"point_estimate":160831.0431547619,"standard_error":58.99101186052782},"MedianAbsDev":{"confidence_interval":{"confidence_level":0.95,"lower_bound":487.34210464759303,"upper_bound":766.4186617609588},"point_estimate":667.184510613868,"standard_error":71.02160860606207},"Slope":{"confidence_interval":{"confidence_level":0.95,"lower_bound":160908.65124354133,"upper_bound":161161.9768003554},"point_estimate":161026.81873757098,"standard_error":64.722843729496},"StdDev":{"confidence_interval":{"confidence_level":0.95,"lower_bound":519.3954118906296,"upper_bound":2933.2903671109166},"point_estimate":1831.4029842288562,"standard_error":694.5933131269366}}