{"Mean":{"confidence_interval":{"confidence_level":0.95,"lower_bound":5297881.152308424,"upper_bound":5402401.163507243},"point_estimate":5350154.528562375,"standard_error":26578.14092692877},"Median":{"confidence_interval":{"confidence_level":0.95,"lower_bound":5304014.931179263,"upper_bound":5410100.5995671},"point_estimate":5359699.834390514,"standard_error":28245.384724833057},"MedianAbsDev":{"confidence_interval":{"confidence_level":0.95,"lower_bound":169323.31922492175,"upper_bound":301082.04465578543},"point_estimate":255064.1024161993,"standard_error":33122.61876757538},"Slope":{"confidence_interval":{"confidence_level":0.95,"lower_bound":5319539.591256738,"upper_bound":5406239.211007},"point_estimate":5363194.350178809,"standard_error":22138.019884275793},"StdDev":{"confidence_interval":{"confidence_level":0.95,"lower_bound":225905.25086177964,"upper_bound":305266.6522939848},"point_estimate":267815.9489748463,"standard_error":20184.215713634807}}