{"Mean":{"confidence_interval":{"confidence_level":0.95,"lower_bound":-0.003114073372315925,"upper_bound":0.026847944837512384},"point_estimate":0.011123805171119772,"standard_error":0.007583129406504442},"Median":{"confidence_interval":{"confidence_level":0.95,"lower_bound":0.0012942659490386976,"upper_bound":0.02374315498183832},"point_estimate":0.014841061654981225,"standard_error":0.005626961909997758}}